Date,Equal Weight,Inverse Volatility,Risk Parity,S&P 500
2016-01-04,-0.015578508367957579,-0.015697528663934222,-0.015578508367957579,-0.015303731089594375
2016-01-05,0.002152145400603722,0.0027822492631562248,0.002152145400603722,0.0020122259542274534
2016-01-06,-0.015551668175491865,-0.013540869793163659,-0.015551668175491865,-0.013115396702646942
2016-01-07,-0.02405556872065938,-0.022450455555803533,-0.02405556872065938,-0.023700443014411654
2016-01-08,-0.01125472867122954,-0.01066655440064903,-0.01125472867122954,-0.010838374390218508
2016-01-11,-0.0021145604414331194,-0.0007687641785169121,-0.0021145604414331194,0.0008532721255336551
2016-01-12,0.006310741730065854,0.0061224580853757975,0.006310741730065854,0.00780279851675636
2016-01-13,-0.025725425792903447,-0.02357876217662664,-0.025725425792903447,-0.02496545230421965
2016-01-14,0.013626531116031947,0.012598211561310808,0.013626531116031947,0.016695905386662213
2016-01-15,-0.01851431941339683,-0.0173866590219407,-0.01851431941339683,-0.021599098001850003
2016-01-19,-0.0015616121613619646,7.0644458032632e-05,-0.0015616121613619646,0.0005318215543925753
2016-01-20,-0.010167945748441064,-0.011250525049349615,-0.010167945748441064,-0.011693855152413501
2016-01-21,0.004874738300851783,0.003683735097226554,0.004874738300851783,0.005195438361131455
2016-01-22,0.021496095223074288,0.020746930182814195,0.021496095223074288,0.020283701024494727
2016-01-25,-0.01702670239706366,-0.015648472033653958,-0.01702670239706366,-0.015637982053378963
2016-01-26,0.017298852467604216,0.016422061100945233,0.017298852467604216,0.014144335590226431
2016-01-27,-0.008958212747757358,-0.008122993883796562,-0.008958212747757358,-0.010863483795639506
2016-01-28,0.0013947972654403127,0.0018756840709411924,0.0013947972654403127,0.005528577205787588
2016-01-29,0.028613574720482628,0.027568834657561173,0.028613574720482628,0.0247602174153414
2016-02-01,0.0013638657200543886,0.0014017437424009465,0.0013638657200543886,-0.00044323658717015935
2016-02-02,-0.021214885252245245,-0.01905170763386243,-0.021214885252245245,-0.018743090830274922
2016-02-03,0.007349773946402615,0.00641530913011411,0.007349773946402615,0.004992038934619414
2016-02-04,0.005614177986784924,0.004421038160976274,0.005614177986784924,0.0015267325638141926
2016-02-05,-0.020014690833199053,-0.017425800432386694,-0.020014690833199053,-0.018481246310869337
2016-02-08,-0.021935868178193284,-0.018565207707309038,-0.021935868178193284,-0.014153935656373462
2016-02-09,-0.0007596640469266794,0.0005611850759174941,-0.0007596640469266794,-0.0006636203533073592
2016-02-10,0.0031089021011393774,0.0025774247305325967,0.0031089021011393774,-0.00018895027740828407
2016-02-11,-0.015153160007270372,-0.014558080108464024,-0.015153160007270372,-0.012301161792504733
2016-02-12,0.021027299590587824,0.01982295758613729,0.021027299590587824,0.019518049565855122
2016-02-16,0.022083748801690332,0.019660634895765194,0.022083748801690332,0.01651665412216241
2016-02-17,0.017421286899262624,0.014884047883725873,0.017421286899262624,0.01648043921048603
2016-02-18,-0.0024328908690035094,-0.0017903832785068237,-0.0024328908690035094,-0.004665713707027619
2016-02-19,0.00027148569506012027,0.0006643256743608566,0.00027148569506012027,-2.6032942938902792e-05
2016-02-22,0.015919265629101332,0.013960038473547112,0.015919265629101332,0.014454197186153817
2016-02-23,-0.010110420281462043,-0.008674260835147917,-0.010110420281462043,-0.012454371867771763
2016-02-24,0.00624720284236388,0.005281945144485453,0.00624720284236388,0.004439786812972857
2016-02-25,0.01167466637342071,0.011865414959102087,0.01167466637342071,0.011348275359951865
2016-02-26,0.0012758825176671675,-0.0005554936300112396,0.0012758825176671675,-0.0018701144822791393
2016-02-29,-0.0053343794318222795,-0.005952239084431359,-0.0053343794318222795,-0.008120976341902342
2016-03-01,0.02303444465179452,0.021704699487388117,0.02303444465179452,0.023868791801894718
2016-03-02,0.006116343293237559,0.004897555255796884,0.006116343293237559,0.004094308735004493
2016-03-03,0.0068616089406368635,0.006103170768227088,0.0068616089406368635,0.0034987406745825567
2016-03-04,0.004374091410838473,0.0039107391480005076,0.004374091410838473,0.0033058923144386743
2016-03-07,0.003823308031054305,0.0025849116230629065,0.003823308031054305,0.0008850141950174084
2016-03-08,-0.01462682946750102,-0.011279781828384905,-0.01462682946750102,-0.011240108649505087
2016-03-09,0.004540864334790129,0.004004034552466478,0.004540864334790129,0.0050523932937867055
2016-03-10,0.0009954612550589317,0.0015045208281408522,0.0009954612550589317,0.00015580493345068724
2016-03-11,0.019654468273365276,0.017905468593669826,0.019654468273365276,0.01639550053418848
2016-03-14,-0.0016031445208204262,-0.001526516358717275,-0.0016031445208204262,-0.001260972921287129
2016-03-15,-0.00562442019308159,-0.003828947590229702,-0.00562442019308159,-0.0018369416879204792
2016-03-16,0.009231199612105102,0.007812187022140647,0.009231199612105102,0.005600351545632654
2016-03-17,0.009339354626143964,0.009338341572787142,0.009339354626143964,0.006595236486620859
2016-03-18,0.005770461421221135,0.004760532063897618,0.005770461421221135,0.004405643688967897
2016-03-21,-0.0007234319583386481,-0.0007128997127089043,-0.0007234319583386481,0.0009855772666846896
2016-03-22,0.0003714058248360417,-0.00013210506103645587,0.0003714058248360417,-0.000877387766836879
2016-03-23,-0.009684628325021588,-0.007129614906338181,-0.009684628325021588,-0.006386031602501285
2016-03-24,-0.0008355599872419948,-0.0010902703223881274,-0.0008355599872419948,-0.0003780702927851376
2016-03-28,0.001584743487807758,0.002007595159960357,0.001584743487807758,0.0005452554858313974
2016-03-29,0.012337151611293878,0.011788248393243266,0.012337151611293878,0.008816651779288476
2016-03-30,0.0033949804753032656,0.003187034989096682,0.0033949804753032656,0.004350315260639448
2016-03-31,0.0005644534056654442,-5.615036616587858e-05,0.0005644534056654442,-0.00203975921756705
2016-04-01,0.005251616825864525,0.006089953309855169,0.005251616825864525,0.006330915127309877
2016-04-04,-0.005596647286770026,-0.005207557855386342,-0.005596647286770026,-0.003208322345054082
2016-04-05,-0.010413732943650167,-0.010368043906269138,-0.010413732943650167,-0.010144492387214377
2016-04-06,0.010316200479294341,0.009089936302752996,0.010316200479294341,0.010507619269939372
2016-04-07,-0.011493032695061776,-0.010919795750860615,-0.011493032695061776,-0.011975786526205012
2016-04-08,0.004047964631818455,0.003778427942794699,0.004047964631818455,0.0027865779152880243
2016-04-11,-0.0021339389360571044,-0.002413866460365546,-0.0021339389360571044,-0.0027397858070188352
2016-04-12,0.008272403379404311,0.007847561984633272,0.008272403379404311,0.0096621337827838
2016-04-13,0.012798893180225685,0.010895118651900402,0.012798893180225685,0.01004013710204088
2016-04-14,-0.0023036098957823483,-0.002019567969141916,-0.0023036098957823483,0.0001729273803483533
2016-04-15,0.0004090790591573173,0.0014019620953838634,0.0004090790591573173,-0.0009842848497145784
2016-04-18,0.005976441510656009,0.005761998503311366,0.005976441510656009,0.006541025289023228
2016-04-19,0.0035826863798946933,0.003000802231808743,0.0035826863798946933,0.0030844851678346608
2016-04-20,0.0004062582190784587,-0.0012962951739196992,0.0004062582190784587,0.0007615448773992117
2016-04-21,-0.005888064033852983,-0.007181732869219367,-0.005888064033852983,-0.005194027008290192
2016-04-22,0.0053227090139358465,0.00473753274370518,0.0053227090139358465,4.785972478082989e-05
2016-04-25,-0.0036232614074020223,-0.0021179882770314957,-0.0036232614074020223,-0.0018120458796383465
2016-04-26,0.006409284947027108,0.005269333512642032,0.006409284947027108,0.0018727515871905798
2016-04-27,0.0055422398233477815,0.005124937896054601,0.0055422398233477815,0.001649352800310755
2016-04-28,-0.011401542683043771,-0.010210481986160824,-0.011401542683043771,-0.009230768513682652
2016-04-29,-0.006192285077564048,-0.005406456666559029,-0.006192285077564048,-0.005063088369821722
2016-05-02,0.008756534617557588,0.008978056372574478,0.008756534617557588,0.007809946463542827
2016-05-03,-0.010551150879257745,-0.008782518749626444,-0.010551150879257745,-0.008676638198860664
2016-05-04,-0.005327992959799636,-0.0037395095681527608,-0.005327992959799636,-0.005936889314214544
2016-05-05,0.0006894253454556246,0.0006823257655788929,0.0006894253454556246,-0.0002390081258001331
2016-05-06,0.003929474640179748,0.0038762394473280744,0.003929474640179748,0.0031746390805036384
2016-05-09,0.0008890797771168946,0.0018085996420445084,0.0008890797771168946,0.0007534970439868616
2016-05-10,0.0118711301207259,0.01128514300303676,0.0118711301207259,0.012483643435067249
2016-05-11,-0.008330058070050824,-0.008365234111082606,-0.008330058070050824,-0.009561518078546327
2016-05-12,-0.0008745567627517184,0.000665882877490132,-0.0008745567627517184,-0.0001694649071644072
2016-05-13,-0.007564110980152134,-0.007718820511315593,-0.007564110980152134,-0.00847828902508041
2016-05-16,0.0099638733098423,0.00899151042329848,0.0099638733098423,0.009796652464963085
2016-05-17,-0.008414416256800766,-0.009746992820572772,-0.008414416256800766,-0.009411297455333645
2016-05-18,-0.00014947276103448662,-0.0008159600399544086,-0.00014947276103448662,0.00020517873267866804
2016-05-19,-0.003160232008611713,-0.0029174677781708264,-0.003160232008611713,-0.003706707658226005
2016-05-20,0.00907083173216208,0.0077163863004974,0.00907083173216208,0.006019504059596059
2016-05-23,-0.0011590966560094268,-0.0018436354262037179,-0.0011590966560094268,-0.0020854589704891735
2016-05-24,0.014704084973995672,0.014472923351319514,0.014704084973995672,0.013681382686285826
2016-05-25,0.005164197582011731,0.004038966619935131,0.005164197582011731,0.006974740643369559
2016-05-26,0.0004137791890059756,0.0010323003414894447,0.0004137791890059756,-0.00021044390350322129
2016-05-27,0.005938849814981438,0.00540506475994333,0.005938849814981438,0.004286857336424754
2016-05-31,0.000610349724342633,0.00020673892625908295,0.000610349724342633,-0.0010052630048559275
2016-06-01,0.002937317718795937,0.0026306977251758156,0.002937317718795937,0.0011350423274503196
2016-06-02,0.004329357204887774,0.0037459282785481116,0.004329357204887774,0.0028246780734553223
2016-06-03,-0.0026020145671635506,-0.0019082598898758104,-0.0026020145671635506,-0.002911814656949452
2016-06-06,0.0052279794267347315,0.003927761151175474,0.0052279794267347315,0.004897281193053882
2016-06-07,0.0021233743160645547,0.0017588918105534983,0.0021233743160645547,0.0012894462510633087
2016-06-08,0.003909946607240047,0.004452387021603419,0.003909946607240047,0.0033095665337075086
2016-06-09,-0.0025212806874810208,-0.0012610037465895132,-0.0025212806874810208,-0.0017177585589538413
2016-06-10,-0.012303554685451083,-0.010231820023435919,-0.012303554685451083,-0.009175181182794367
2016-06-13,-0.008133308811854482,-0.007724252233754314,-0.008133308811854482,-0.008115191387155773
2016-06-14,-0.0025581610219050773,-0.001960938283319718,-0.0025581610219050773,-0.0017988851350955182
2016-06-15,0.0003275471583873412,-0.00047698475806028546,0.0003275471583873412,-0.0018407128700851372
2016-06-16,0.001978703423645704,0.0026792417914071895,0.001978703423645704,0.0031329906996742096
2016-06-17,-0.0009429614340717445,-0.0017547475021357068,-0.0009429614340717445,-0.0032579654199809127
2016-06-20,0.008332813032853995,0.007698213112709962,0.008332813032853995,0.00580818525653326
2016-06-21,0.0015712592466344756,0.0016270229877141328,0.0015712592466344756,0.002712061607464289
2016-06-22,-0.0020484717457859686,-0.0014224641389358672,-0.0020484717457859686,-0.0016515636618127383
2016-06-23,0.015200079555026932,0.013789397814721289,0.015200079555026932,0.01336407865930278
2016-06-24,-0.03860286817177737,-0.03499198611550182,-0.03860286817177737,-0.035919799994431734
2016-06-27,-0.024191605620147355,-0.020162695012791963,-0.024191605620147355,-0.01809650217612302
2016-06-28,0.018058400917240158,0.01656160789398677,0.018058400917240158,0.01777016508725926
2016-06-29,0.018918375747441044,0.017584018336941433,0.018918375747441044,0.017032672570028273
2016-06-30,0.016283014381207876,0.01723766295082891,0.016283014381207876,0.013565044705922347
2016-07-01,0.001222815542817855,0.0010039705604308656,0.001222815542817855,0.00194860235588723
2016-07-05,-0.00823663149250967,-0.005141472292560283,-0.00823663149250967,-0.006847477437932237
2016-07-06,0.00526039818487766,0.004552644694995308,0.00526039818487766,0.005352963242081676
2016-07-07,0.0006487644208993896,-0.00043531837536150324,0.0006487644208993896,-0.0008715778419239317
2016-07-08,0.01806586103934426,0.01663872704386541,0.01806586103934426,0.015253349296718177
2016-07-11,0.004422616741599318,0.003559853316921314,0.004422616741599318,0.003408615474199461
2016-07-12,0.008807419203037029,0.0061278743742326485,0.008807419203037029,0.007009293213798395
2016-07-13,-2.735851676427748e-05,0.0007071339116930973,-2.735851676427748e-05,0.00013476775533982632
2016-07-14,0.0035908005007644615,0.0028266868744636717,0.0035908005007644615,0.00525920411762093
2016-07-15,-0.0007361225090048577,-0.0008682674465095491,-0.0007361225090048577,-0.0009289473209127541
2016-07-18,0.0022272123545822873,0.0011342243266621607,0.0022272123545822873,0.002382294987840705
2016-07-19,-0.0028307694278857346,-0.0014986902240478428,-0.0028307694278857346,-0.0014351736522938419
2016-07-20,0.00589740610355444,0.004777701589323332,0.00589740610355444,0.004270300173431885
2016-07-21,-0.0036544984770418396,-0.0035786262069619768,-0.0036544984770418396,-0.003612528916297486
2016-07-22,0.007199037412594615,0.007111402509223852,0.007199037412594615,0.004553964713003289
2016-07-25,-0.0014574964876162113,-0.0017829130375220767,-0.0014574964876162113,-0.0030114751244342264
2016-07-26,0.004717897949927623,0.003204760187735914,0.004717897949927623,0.0003227842443460638
2016-07-27,-0.0034678165191993162,-0.003929706048643322,-0.0034678165191993162,-0.0011985421207814095
2016-07-28,0.0021040323668021737,0.0024998645627975543,0.0021040323668021737,0.0016062090221755643
2016-07-29,0.0011666773798043215,0.0014297264933653261,0.0011666773798043215,0.0016313092573088106
2016-08-01,-0.002186268591684175,-0.001266289221264527,-0.002186268591684175,-0.0012697872845152114
2016-08-02,-0.008803652432957578,-0.008064217941198956,-0.008803652432957578,-0.006361619481225378
2016-08-03,0.004560671156451321,0.0029014939116188965,0.004560671156451321,0.0031339432802557354
2016-08-04,0.0008090464601091978,0.0006899704172370082,0.0008090464601091978,0.00021257188969192597
2016-08-05,0.00938224512865014,0.007789017539975296,0.00938224512865014,0.008603496447961101
2016-08-08,-0.0006624938778460425,-0.0011204836408056193,-0.0006624938778460425,-0.0009071655678379864
2016-08-09,0.0005564788545417862,0.0008554367937656011,0.0005564788545417862,0.0003897939364765346
2016-08-10,-0.00229569876422864,-0.0014501524632679012,-0.00229569876422864,-0.0028646859974036376
2016-08-11,0.00466190491411007,0.0036990541869978237,0.00466190491411007,0.004734588012062169
2016-08-12,-0.0009043014977571435,-0.0009292444124475212,-0.0009043014977571435,-0.0007960463737501922
2016-08-15,0.004903216910134484,0.003288533064848241,0.004903216910134484,0.0027929092187690685
2016-08-16,-0.0060403939465603195,-0.00650351126749052,-0.0060403939465603195,-0.00547907701986905
2016-08-17,0.0010193202384047295,0.0017013552562541619,0.0010193202384047295,0.001868589648029051
2016-08-18,0.004563501149620036,0.003913168552190833,0.004563501149620036,0.0021996173129046337
2016-08-19,9.419704781776772e-05,-0.00042102993893516016,9.419704781776772e-05,-0.0014402713809749113
2016-08-22,0.00038585381032940234,0.0007904642987618779,0.00038585381032940234,-0.000563323157221185
2016-08-23,0.0032542814644389677,0.002063014689732408,0.0032542814644389677,0.0019517694055308787
2016-08-24,-0.00629413119004822,-0.0051366285111394995,-0.00629413119004822,-0.005240276852734871
2016-08-25,0.000586665365467912,0.00045975462585994735,0.000586665365467912,-0.0013652276243513173
2016-08-26,-0.0024862801647881653,-0.00332862721655639,-0.0024862801647881653,-0.0015788165944199406
2016-08-29,0.0062840016184188075,0.0064229420822764375,0.0062840016184188075,0.005228047221710774
2016-08-30,-0.001056292488482695,-0.0015369238813273468,-0.001056292488482695,-0.0019536804841114863
2016-08-31,-0.0024594441346946294,-0.0016741006670182644,-0.0024594441346946294,-0.0023758642617150993
2016-09-01,0.0007667720848235006,0.00045160228892566145,0.0007667720848235006,-4.1384533048027805e-05
2016-09-02,0.005154640528549928,0.005522967058944912,0.005154640528549928,0.004201041336424849
2016-09-06,0.0015152857693811873,0.001571596300730252,0.0015152857693811873,0.0029816787577114923
2016-09-07,0.0013671495296983841,0.0006000704849465897,0.0013671495296983841,-0.0001463852229309781
2016-09-08,-0.0030723591345736033,-0.0035570469488409133,-0.0030723591345736033,-0.0022230136296667036
2016-09-09,-0.026916240634999505,-0.026871307796359045,-0.026916240634999505,-0.02452206896667508
2016-09-12,0.014678564555508259,0.01447320790330511,0.014678564555508259,0.01467705274849096
2016-09-13,-0.015760628084110526,-0.01505720072858864,-0.015760628084110526,-0.014830674258895948
2016-09-14,-0.0009397880006044877,-0.0009337181175332522,-0.0009397880006044877,-0.0005876766502063147
2016-09-15,0.010840628353334195,0.010200957080996902,0.010840628353334195,0.010109273363029914
2016-09-16,-0.0032610362600993415,-0.003217358873493426,-0.0032610362600993415,-0.0037722947474507773
2016-09-19,0.003558617110235516,0.00381297025523068,0.003558617110235516,-1.8603060785604697e-05
2016-09-20,-0.0006328353546731256,-0.00014257336818711174,-0.0006328353546731256,0.0002991382171499968
2016-09-21,0.013018193089086891,0.01239991595204017,0.013018193089086891,0.010917162352442444
2016-09-22,0.007793972306696848,0.007866915404167795,0.007793972306696848,0.006499784427785649
2016-09-23,-0.005700583680409115,-0.005433624194085008,-0.005700583680409115,-0.00573677446354337
2016-09-26,-0.006443806774135483,-0.005983036592202485,-0.006443806774135483,-0.008587762798917709
2016-09-27,0.005332874789431432,0.004524076314864126,0.005332874789431432,0.006444170055012188
2016-09-28,0.005914174648768429,0.004682251838382352,0.005914174648768429,0.005296554012835575
2016-09-29,-0.009056306465174812,-0.009514483247669066,-0.009056306465174812,-0.009321411497187015
2016-09-30,0.007924442099703787,0.006961853463753085,0.007924442099703787,0.007967969231286176
2016-10-03,-0.004440961676638916,-0.005055524784466253,-0.004440961676638916,-0.0032606955294726125
2016-10-04,-0.006511566080038398,-0.006970395952058063,-0.006511566080038398,-0.0049555622707156965
2016-10-05,0.004267084939017392,0.0030864486237314743,0.004267084939017392,0.0042966906501935576
2016-10-06,0.0014438754589014594,0.0015411432469004697,0.0014438754589014594,0.00048155976529717925
2016-10-07,-0.0062020791518430035,-0.005514559990547943,-0.0062020791518430035,-0.0032534833570118105
2016-10-10,0.004727065195301299,0.0041958779308675954,0.004727065195301299,0.004605905039596125
2016-10-11,-0.014638443347787432,-0.013756853945171508,-0.014638443347787432,-0.012446471596532338
2016-10-12,0.0017926749346623197,0.002852927172827776,0.0017926749346623197,0.001146589037580359
2016-10-13,-0.0032062429560774596,-0.002339027827233408,-0.0032062429560774596,-0.0030992637479612117
2016-10-14,-0.000583821314845918,-0.00024323269148498854,-0.000583821314845918,0.00020160447857309194
2016-10-17,-0.002598076686636878,-0.0020649009713141382,-0.002598076686636878,-0.003037994040303138
2016-10-18,0.006770472262610262,0.005715594101289554,0.006770472262610262,0.006160403318245855
2016-10-19,0.0037765226140853946,0.0024106609563044707,0.0037765226140853946,0.0021919710189710617
2016-10-20,-0.0018351893584317095,-0.0025508135966755587,-0.0018351893584317095,-0.0013757239543792377
2016-10-21,-0.0009293351828335406,-0.0009674875773128456,-0.0009293351828335406,-8.414160005176807e-05
2016-10-24,0.004669657911806229,0.004477392859492998,0.004669657911806229,0.004749839541692946
2016-10-25,-0.005319720092036037,-0.0048707442174632295,-0.005319720092036037,-0.0037977277864983394
2016-10-26,-0.0018682670672954804,-0.0019002161676918929,-0.0018682670672954804,-0.0017404116452881535
2016-10-27,-0.005462821125610988,-0.005659650779616963,-0.005462821125610988,-0.0029867267366989747
2016-10-28,0.0014041598110888884,0.0015439843991648253,0.0014041598110888884,-0.0031082993435224138
2016-10-31,0.003010776574147562,0.00392638827840895,0.003010776574147562,-0.00012227640782913607
2016-11-01,-0.008402515687732988,-0.009000033480459971,-0.008402515687732988,-0.006786883476427641
2016-11-02,-0.007486137420098284,-0.00648691832999701,-0.007486137420098284,-0.00652550029741239
2016-11-03,-0.003116571349886527,-0.0024185954003641064,-0.003116571349886527,-0.004423400838946101
2016-11-04,0.0010246887428381932,0.0002768492832466848,0.0010246887428381932,-0.0016661307322337615
2016-11-07,0.021922250739304185,0.021050060217135735,0.021922250739304185,0.022223543967337278
2016-11-08,0.004243544162173834,0.0046935321644845426,0.004243544162173834,0.0037719744542996647
2016-11-09,0.01144022255139422,0.008580033339493191,0.01144022255139422,0.011077020753253342
2016-11-10,0.004700466053813948,0.0035731949188903553,0.004700466053813948,0.0019507459501284519
2016-11-11,0.0014337937564199172,0.001101558371670411,0.0014337937564199172,-0.0013979503036608554
2016-11-14,0.0067455096645222794,0.005494734758063434,0.0067455096645222794,-0.00011550278622274313
2016-11-15,0.006401283096217639,0.00561486358081042,0.006401283096217639,0.007480797417763307
2016-11-16,-0.002742615967229219,-0.0023127448190913263,-0.002742615967229219,-0.0015822634216101639
2016-11-17,0.006308123808865868,0.0056074492901569,0.006308123808865868,0.004676369608375142
2016-11-18,-0.0010993038886094155,-0.0014078692039572924,-0.0010993038886094155,-0.002386798421690206
2016-11-21,0.006972851500717437,0.00607778680285779,0.006972851500717437,0.0074614006258433285
2016-11-22,0.0030699405676585505,0.0035162234747963947,0.0030699405676585505,0.002165432272904111
2016-11-23,0.0027426566570813694,0.0018685658399828298,0.0027426566570813694,0.0008080244329033981
2016-11-25,0.004739646793366931,0.005298389549170227,0.004739646793366931,0.003914386891670674
2016-11-28,-0.006651709688406073,-0.005159983283849066,-0.006651709688406073,-0.005254535631502799
2016-11-29,0.0009515202003029063,0.0018744606380066357,0.0009515202003029063,0.0013352930642269722
2016-11-30,-0.003308212276193622,-0.005816434224712496,-0.003308212276193622,-0.0026534040390964186
2016-12-01,-0.006918164083234481,-0.006234474645629261,-0.006918164083234481,-0.0035155289737457407
2016-12-02,0.0014284070705873088,0.0015540213075022498,0.0014284070705873088,0.00039700650631591117
2016-12-05,0.008177376868479448,0.00706527417112229,0.008177376868479448,0.005821305253253195
2016-12-06,0.005280950846815185,0.004687857631629557,0.005280950846815185,0.0034108883546988267
2016-12-07,0.013818032284566144,0.01380794632632778,0.013818032284566144,0.013163241364864575
2016-12-08,0.004877101537950314,0.003980213978468274,0.004877101537950314,0.0021593430473272335
2016-12-09,0.0017851752972617226,0.0025706475739654894,0.0017851752972617226,0.005938984786955759
2016-12-12,-0.0025821694174564163,-0.0011188143948211915,-0.0025821694174564163,-0.0011374349205595102
2016-12-13,0.0039365542730906205,0.003973977196938808,0.0039365542730906205,0.006539774750587091
2016-12-14,-0.009680490912629128,-0.009749395613818927,-0.009680490912629128,-0.00811717185395111
2016-12-15,0.0037906827917347052,0.003463169978782246,0.0037906827917347052,0.0038832279549072535
2016-12-16,-0.0013789622408756249,-0.0006660758066024858,-0.0013789622408756249,-0.0017506226204834219
2016-12-19,0.001818763624362456,0.002234584382916593,0.001818763624362456,0.001975120701520394
2016-12-20,0.004037393675085531,0.003490874220765322,0.004037393675085531,0.0036375121488696482
2016-12-21,-0.00255470962310089,-0.0028174407088157843,-0.00255470962310089,-0.0024573614565177593
2016-12-22,-0.0032929825277342086,-0.00270048484351291,-0.0032929825277342086,-0.0018629737285675851
2016-12-23,0.002351993120005248,0.0018293536206323963,0.002351993120005248,0.0012517152775348706
2016-12-27,0.0032148076520855714,0.002551061156410609,0.0032148076520855714,0.0022483727122095676
2016-12-28,-0.010105037985967498,-0.009301054076729563,-0.010105037985967498,-0.008356529175972627
2016-12-29,0.001178741801265955,0.001804119474804008,0.001178741801265955,-0.000293304709629405
2016-12-30,-0.00385352285619451,-0.0035836363128353777,-0.00385352285619451,-0.004637050227782158
2017-01-03,0.007655846164601378,0.006302934049245826,0.007655846164601378,0.008486575281279274
2017-01-04,0.010790429683135074,0.009516329075604098,0.010790429683135074,0.005722273788525856
2017-01-05,-0.002336395176219997,-0.0022241246378075933,-0.002336395176219997,-0.0007706704833204681
2017-01-06,0.002943124103106474,0.0030169786897744975,0.002943124103106474,0.0035169592193697863
2017-01-09,-0.004059786999220063,-0.004736391588161398,-0.004059786999220063,-0.0035485942758867184
2017-01-10,0.0021955368749328316,0.0015203970737604792,0.0021955368749328316,0.0
2017-01-11,0.0036906280494272015,0.003539258315861352,0.0036906280494272015,0.0028296382793233654
2017-01-12,-0.002683154908346603,-0.0020938291874399947,-0.002683154908346603,-0.0021448089967596173
2017-01-13,0.004055951830494333,0.0033199137487948324,0.004055951830494333,0.0018498402425362048
2017-01-17,-0.003975069757154335,-0.0028071164458767697,-0.003975069757154335,-0.0029675026899970147
2017-01-18,0.003672727451887338,0.003428576549792092,0.003672727451887338,0.0017637540575008437
2017-01-19,-0.004009537203970832,-0.00416843637548334,-0.004009537203970832,-0.003609308355419394
2017-01-20,0.0036529348539592267,0.003542251021316427,0.0036529348539592267,0.003366237154707852
2017-01-23,-0.002471344470008758,-0.002397382657105554,-0.002471344470008758,-0.002690124758069401
2017-01-24,0.010905732754891984,0.009621087490544782,0.010905732754891984,0.006564593637664151
2017-01-25,0.008278662499431391,0.007504702504304838,0.008278662499431391,0.008026090549617448
2017-01-26,-0.0015919321051525513,-0.0014161525813773527,-0.0015919321051525513,-0.0007353844075136395
2017-01-27,-0.0009618219200123908,-0.0009648948082576076,-0.0009618219200123908,-0.000866463892926328
2017-01-30,-0.006054843391741814,-0.005265158844784056,-0.006054843391741814,-0.006009543517695892
2017-01-31,0.001124021005705565,0.0010471108890523861,0.001124021005705565,-0.0008899054071440649
2017-02-01,-0.001077501169306178,-0.0024584896871437476,-0.001077501169306178,0.00029836348965073256
2017-02-02,0.0023115111047288146,0.003074963243698005,0.0023115111047288146,0.0005703094032936118
2017-02-03,0.008180764779919995,0.0079356225645306,0.008180764779919995,0.007264758098647794
2017-02-06,-0.002073230980560825,-0.00240259100155867,-0.002073230980560825,-0.002115356985885164
2017-02-07,0.0004103417989784489,0.0008801469884169059,0.0004103417989784489,0.00022682918569594257
2017-02-08,0.0017928423531702105,0.002017937128759608,0.0017928423531702105,0.0006933223855400961
2017-02-09,0.007676968671302947,0.006796121196581488,0.007676968671302947,0.005752546449780516
2017-02-10,0.004901175080660926,0.004767712500338479,0.004901175080660926,0.003566050102845164
2017-02-13,0.00468590271744645,0.004686121399270143,0.00468590271744645,0.005245845097992419
2017-02-14,0.0018289324654632531,0.0015370135095959657,0.0018289324654632531,0.004007335176634763
2017-02-15,0.004863036186028116,0.004608189004224963,0.004863036186028116,0.004992308919898214
2017-02-16,-0.0017041460852658822,-0.0001450219633348481,-0.0017041460852658822,-0.0008641180363413437
2017-02-17,0.0028205173913886106,0.002826757927601806,0.0028205173913886106,0.0016785565287558146
2017-02-21,0.006728736591604171,0.006436163734451244,0.006728736591604171,0.006048066160828425
2017-02-22,-0.0023529092669158846,-0.0017056603325890604,-0.0023529092669158846,-0.001082200145408052
2017-02-23,-0.0018435957986111466,-0.0006704763410334984,-0.0018435957986111466,0.00041898672168572126
2017-02-24,0.004083348443222513,0.004485786743480076,0.004083348443222513,0.0014933641914423035
2017-02-27,0.0018357308538923898,0.0010011128159862093,0.0018357308538923898,0.0010179830611165563
2017-02-28,-0.004624986188456653,-0.0036999428542282466,-0.004624986188456653,-0.0025783763780462543
2017-03-01,0.012714498057462956,0.011941480624982308,0.012714498057462956,0.013673854659866258
2017-03-02,-0.006788544251953783,-0.005989422216448232,-0.006788544251953783,-0.005859880503598425
2017-03-03,-6.38356893493101e-06,-0.0002738941974296308,-6.38356893493101e-06,0.0005038772720600271
2017-03-06,-0.004413056383534935,-0.003995866364678791,-0.004413056383534935,-0.0032772408480052917
2017-03-07,-0.003475546683651763,-0.003024425079531993,-0.003475546683651763,-0.0029133737680216987
2017-03-08,-0.0025482916828279733,-0.0025821540387666467,-0.0025482916828279733,-0.002284215165048731
2017-03-09,-0.0013362469216638053,-0.0011911835083415012,-0.0013362469216638053,0.0007998953585612867
2017-03-10,0.004502790632640895,0.004505354380148754,0.004502790632640895,0.003268670195698986
2017-03-13,0.002680846685325076,0.002418010728926779,0.002680846685325076,0.0003666328125562224
2017-03-14,-0.004199117372628491,-0.0035165613937794974,-0.004199117372628491,-0.0033790271755046453
2017-03-15,0.011051006435524724,0.010701362415340589,0.011051006435524724,0.008374752796581397
2017-03-16,-0.0018794216703993624,-0.0020974700601445514,-0.0018794216703993624,-0.0016267102694209612
2017-03-17,0.0008295216056098373,0.0012362641510037591,0.0008295216056098373,-0.0013143147950017697
2017-03-20,-0.0024100152573108035,-0.00269049654772204,-0.0024100152573108035,-0.0020098935338483948
2017-03-21,-0.013487317661371193,-0.011537858996885732,-0.013487317661371193,-0.012407972940626899
2017-03-22,0.003489917430614697,0.0030055847920036185,0.003489917430614697,0.0018898864360001877
2017-03-23,-5.471214156249686e-05,-6.658704561206728e-05,-5.471214156249686e-05,-0.001060269661328106
2017-03-24,-0.0001863397874171767,-0.0006091453828228184,-0.0001863397874171767,-0.0008439958489141475
2017-03-27,-0.001073355554948495,-0.0014306557003086915,-0.001073355554948495,-0.001019587452981141
2017-03-28,0.006819724944003489,0.006200281807525125,0.006819724944003489,0.007251474353500598
2017-03-29,0.0019113458562083664,0.0007506091310600635,0.0019113458562083664,0.001085324742930105
2017-03-30,0.00207385126667256,0.0020697289477032404,0.00207385126667256,0.002935109936855751
2017-03-31,-0.0005168531720668372,-0.0006136871882131776,-0.0005168531720668372,-0.002255047489714501
2017-04-03,-0.003943985817759922,-0.003602126668568611,-0.003943985817759922,-0.0016421255420062675
2017-04-04,-0.00036940667910508046,-0.0001373177077278006,-0.00036940667910508046,0.0005595225490382383
2017-04-05,-0.0037840756707867005,-0.003043707142306856,-0.0037840756707867005,-0.0030548611983906016
2017-04-06,0.00436246312232654,0.0035427966960620057,0.00436246312232654,0.001929509405943275
2017-04-07,-0.0009294146955295501,-0.0009703461875110238,-0.0009294146955295501,-0.0008271302020167459
2017-04-10,0.0014574509992959885,0.0015191971412020474,0.0014574509992959885,0.0006876864837839225
2017-04-11,0.0003977371099784901,0.0005379920389051074,0.0003977371099784901,-0.001433879303282093
2017-04-12,-0.0064585122878816036,-0.005531931521467573,-0.0064585122878816036,-0.003759951034546627
2017-04-13,-0.006642051255198659,-0.0062211307195777065,-0.006642051255198659,-0.006814694227374907
2017-04-17,0.009284284351205025,0.009354200035447116,0.009284284351205025,0.008613348940219367
2017-04-18,-0.002066151340477742,-0.0015558957674087336,-0.002066151340477742,-0.0029033798625895946
2017-04-19,0.0004004812426072183,0.0002598478723150405,0.0004004812426072183,-0.0017163507793208632
2017-04-20,0.007852260525930922,0.00714726915469497,0.007852260525930922,0.007557263417987681
2017-04-21,-0.002407845313947635,-0.0018948924626323237,-0.002407845313947635,-0.0030350729326357184
2017-04-24,0.010428964663154567,0.009979699273631869,0.010428964663154567,0.01084006896297951
2017-04-25,0.0058590360430318435,0.005269547962335613,0.0058590360430318435,0.006090687476747014
2017-04-26,0.0003695524549053464,6.111695685066842e-05,0.0003695524549053464,-0.00048570348354270987
2017-04-27,0.002407451402716954,0.0025375597098915973,0.002407451402716954,0.0005529198041311911
2017-04-28,-0.004246133535704258,-0.004283509005583993,-0.004246133535704258,-0.0019131470681601481
2017-05-01,0.0011627306566950435,0.000587995596795739,0.0011627306566950435,0.0017322905115801923
2017-05-02,0.00033451007521919556,0.0007290528824404094,0.00033451007521919556,0.0011890499458222514
2017-05-03,-0.0032545291138623197,-0.0027113459818705783,-0.0032545291138623197,-0.0012713605313821041
2017-05-04,0.0020650602291958594,0.0025810683942567286,0.0020650602291958594,0.0005821026438950216
2017-05-05,0.00601058519041477,0.005489519330274367,0.00601058519041477,0.0040886954080285864
2017-05-08,-0.003132178175841041,-0.003000794811967408,-0.003132178175841041,3.744597299082386e-05
2017-05-09,0.0002584819812651661,-0.0004213077951117004,0.0002584819812651661,-0.0010252486299153762
2017-05-10,0.0028279129832982906,0.0021239558346085458,0.0028279129832982906,0.0011306013658478609
2017-05-11,-0.002500688647194226,-0.0023327781585891706,-0.002500688647194226,-0.002162809124616749
2017-05-12,-0.0030646463343741636,-0.002851374600947817,-0.0030646463343741636,-0.0014784413679722608
2017-05-15,0.006735768159310474,0.0062246437497006,0.006735768159310474,0.004776513648450997
2017-05-16,-0.0007023572956564645,-0.0011978069029435347,-0.0007023572956564645,-0.0006868970151433507
2017-05-17,-0.016757653366662125,-0.014310126587101367,-0.016757653366662125,-0.018178214414433458
2017-05-18,0.003311755694157167,0.0031031583386619977,0.003311755694157167,0.003686818283279214
2017-05-19,0.008689533929843505,0.007813335366099286,0.008689533929843505,0.006767499942466504
2017-05-22,0.006609691616096522,0.006591215437513504,0.006609691616096522,0.005160131149745784
2017-05-23,0.0009351997047625184,0.0010717065551672368,0.0009351997047625184,0.001837871992654172
2017-05-24,0.0037879234003983103,0.00392302505374143,0.0037879234003983103,0.002489126548973042
2017-05-25,0.00500530968589695,0.005387878077036825,0.00500530968589695,0.00444194837709877
2017-05-26,0.0005493595994978068,0.000328858207035463,0.0005493595994978068,0.00031054999597146526
2017-05-30,-0.0012488131382908253,-0.0007659293973295273,-0.0012488131382908253,-0.0012046245861250249
2017-05-31,0.0012333193356748168,0.001895492694671311,0.0012333193356748168,-0.000459968801852062
2017-06-01,0.010673878649291398,0.009813231035793148,0.010673878649291398,0.007571112611303388
2017-06-02,0.0037154687361024056,0.0038064427476698194,0.0037154687361024056,0.0037077313104922904
2017-06-05,-0.002823865158714924,-0.0027057168022690033,-0.002823865158714924,-0.001217665183814387
2017-06-06,-0.0034187567589026475,-0.00388467825933469,-0.0034187567589026475,-0.0027790399654609166
2017-06-07,0.001390937440211143,0.0017187315987851697,0.001390937440211143,0.0015682572275503848
2017-06-08,0.0017397150852950316,0.0005471340702281244,0.0017397150852950316,0.00026720472849017796
2017-06-09,-0.00015097011917922421,0.0005508519317547125,-0.00015097011917922421,-0.0008299892344156845
2017-06-12,-0.00017086056722083505,-2.854229881835515e-06,-0.00017086056722083505,-0.000978763178264619
2017-06-13,0.0059975965134192845,0.005519714138567047,0.0059975965134192845,0.004511505177332342
2017-06-14,-0.0016745820821968565,-0.0006570215576482877,-0.0016745820821968565,-0.0009958307964025304
2017-06-15,-0.0014198784027817258,-0.00034539295302625484,-0.0014198784027817258,-0.0022395981461527104
2017-06-16,0.0005084927782641555,0.0004895693217371606,0.0005084927782641555,0.0002836393681004967
2017-06-19,0.007231299304930545,0.006360818347776411,0.007231299304930545,0.008347228657875183
2017-06-20,-0.007836756204362109,-0.007252439531507983,-0.007836756204362109,-0.0066966373620162
2017-06-21,-0.001441310177046407,-0.002336144784693672,-0.001441310177046407,-0.0005826443900691647
2017-06-22,0.00022191284082695578,-0.0006990477945513657,0.00022191284082695578,-0.00045578207221763645
2017-06-23,0.0032000009826065696,0.0025616332182969302,0.0032000009826065696,0.0015609155178168965
2017-06-26,0.0013622846407758149,0.001586442679364786,0.0013622846407758149,0.000315801794623205
2017-06-27,-0.008362808666985248,-0.00773173945823368,-0.008362808666985248,-0.00807282488613359
2017-06-28,0.009133014678453642,0.008172240854406302,0.009133014678453642,0.008808066374833778
2017-06-29,-0.00879556112504893,-0.008857186171982404,-0.00879556112504893,-0.008600023246820632
2017-06-30,0.0029581649120627145,0.002951145056374319,0.0029581649120627145,0.0015332318107057485
2017-07-03,0.0023117481776270222,0.002332686460212562,0.0023117481776270222,0.002310833849555216
2017-07-05,-8.973887670381606e-05,-0.00024677753502919895,-8.973887670381606e-05,0.001453279024245635
2017-07-06,-0.009792509929571536,-0.009223021671639282,-0.009792509929571536,-0.009368823820586791
2017-07-07,0.00796072587247642,0.007681930725949044,0.00796072587247642,0.006403125486305727
2017-07-10,0.00020044487192645598,-0.0005141375245240676,0.00020044487192645598,0.0009277662125786179
2017-07-11,-0.00022175240663454892,-0.0007400981661874531,-0.00022175240663454892,-0.0007826806116978391
2017-07-12,0.008054971728018615,0.007466617897148288,0.008054971728018615,0.007305607635895495
2017-07-13,0.001170265367177291,0.0008293850916581506,0.001170265367177291,0.0018745843139260643
2017-07-14,0.0049490104262595435,0.00462727956940425,0.0049490104262595435,0.004673503078699293
2017-07-17,0.0006586086104112781,0.0008087376801382668,0.0006586086104112781,-5.291283677333336e-05
2017-07-18,-0.0005907873455849342,-0.0004638972809798746,-0.0005907873455849342,0.0005978573436131729
2017-07-19,0.006517865446767496,0.005689741998142009,0.006517865446767496,0.005372639356088893
2017-07-20,-0.0005137581122919997,-0.0003340029388730923,-0.0005137581122919997,-0.00015365928181010347
2017-07-21,0.0007618497312293413,0.0012292484135574572,0.0007618497312293413,-0.00036787164783502746
2017-07-24,-0.00020782863981909545,-0.0006698082480691408,-0.00020782863981909545,-0.0010637348279797232
2017-07-25,0.003039485102921749,0.002606851418268611,0.003039485102921749,0.002923171678338221
2017-07-26,-0.0015313363802356202,-0.001338969532902851,-0.0015313363802356202,0.0002826639480466575
2017-07-27,-0.002613859506853937,-0.0017303381704656823,-0.002613859506853937,-0.0009726882691745153
2017-07-28,-0.00039480496761350333,-0.0003016618292672363,-0.00039480496761350333,-0.001341115577770502
2017-07-31,-0.0011002307390570274,-0.0005678290413625394,-0.0011002307390570274,-0.0007281456077897763
2017-08-01,0.001878823369574648,0.0022074908490480848,0.001878823369574648,0.0024491149692504877
2017-08-02,-0.0021711127099039327,-0.001361045776988797,-0.0021711127099039327,0.0004926487188865458
2017-08-03,-0.0009185231823278586,-0.00047804114123059527,-0.0009185231823278586,-0.002183654185644257
2017-08-04,0.0027113398118492017,0.0019815070953032405,0.0027113398118492017,0.0018891035295691694
2017-08-07,0.0022699572038011526,0.001701188236013476,0.0022699572038011526,0.001647199789928111
2017-08-08,-0.002698364169189188,-0.0027328666410667115,-0.002698364169189188,-0.0024144327873969473
2017-08-09,-0.0015427661006543899,-0.0009170667509967408,-0.0015427661006543899,-0.00036360867105078576
2017-08-10,-0.014318054064109884,-0.012645298251425786,-0.014318054064109884,-0.014474441722801767
2017-08-11,0.0010515517729236912,0.000600093717261399,0.0010515517729236912,0.0012755699762128092
2017-08-14,0.010446024216280384,0.01017048048587713,0.010446024216280384,0.010043754544535322
2017-08-15,-0.0011695877399247171,-0.0007533712726228973,-0.0011695877399247171,-0.0004988078808476626
2017-08-16,0.0032826249043266796,0.003296552787789114,0.0032826249043266796,0.0014201029158569245
2017-08-17,-0.014665003236131494,-0.013965364479607008,-0.014665003236131494,-0.015436952160958639
2017-08-18,-0.0012487394315305964,-0.0012454657130777525,-0.0012487394315305964,-0.0018353673110713675
2017-08-21,0.0011015575893779375,0.0016040844425238433,0.0011015575893779375,0.001162651069903653
2017-08-22,0.009636299475388358,0.008990514481394592,0.009636299475388358,0.00994077978775465
2017-08-23,-0.003105096187406799,-0.0033433476457966848,-0.003105096187406799,-0.0034535927149730306
2017-08-24,-0.0012375960351817396,-0.0017585490044025609,-0.0012375960351817396,-0.0020744620703185834
2017-08-25,0.0026761756306175255,0.003040006729533257,0.0026761756306175255,0.0016728693563305974
2017-08-28,-0.00010915686133416682,-0.0003608855862857295,-0.00010915686133416682,0.00048707205438569545
2017-08-29,-0.000594814750615518,-0.00033816569270762214,-0.000594814750615518,0.000842821736810162
2017-08-30,0.005980666548219774,0.0050712552442430765,0.005980666548219774,0.004615148933961866
2017-08-31,0.006167397342994358,0.005811606430094536,0.006167397342994358,0.005720976220730423
2017-09-01,0.003213976110372655,0.0021454420145274435,0.003213976110372655,0.001982540682532896
2017-09-05,-0.007218888213764998,-0.006837908922028081,-0.007218888213764998,-0.007550806889900619
2017-09-06,0.0024822246467475946,0.0020042180284392933,0.0024822246467475946,0.0031287267736885838
2017-09-07,0.00046015495602506976,0.0004478763091505303,0.00046015495602506976,-0.00017843612323464875
2017-09-08,0.0014454541977637126,0.002748182292773097,0.0014454541977637126,-0.001488850703918465
2017-09-11,0.009843925348120836,0.009795908374270374,0.009843925348120836,0.01083929931877714
2017-09-12,0.0027604400967521613,0.002185933309741024,0.0027604400967521613,0.0033639480109453057
2017-09-13,-0.0012130970252016361,-0.0019054339701905093,-0.0012130970252016361,0.0007571207193879381
2017-09-14,-0.0003703961829372486,5.02137651559847e-05,-0.0003703961829372486,-0.0011007176162897148
2017-09-15,0.0025572890331572494,0.0023014145351941168,0.0025572890331572494,0.0018471814878802117
2017-09-18,0.0028787884990116707,0.0024898095967357844,0.0028787884990116707,0.0014559207541648966
2017-09-19,-5.082018994590214e-05,0.00018052237610767475,-5.082018994590214e-05,0.0011101954279371107
2017-09-20,0.0010044439661653388,0.0009230934759585901,0.0010044439661653388,0.0006343478158390425
2017-09-21,-0.002208021331725077,-0.002172331896731627,-0.002208021331725077,-0.0030459176984141134
2017-09-22,0.002083167641897076,0.0016033456519111578,0.002083167641897076,0.0006477937229520947
2017-09-25,-0.0013663154364388925,-0.0006316967150139947,-0.0013663154364388925,-0.002222050282888466
2017-09-26,0.0004712656222140993,0.00019794927829972623,0.0004712656222140993,7.216672978804795e-05
2017-09-27,0.004347895378437875,0.002993771899938632,0.004347895378437875,0.004085143947080816
2017-09-28,0.0010581981731465034,0.0015651464654038957,0.0010581981731465034,0.001204615596159142
2017-09-29,0.0039296887915149376,0.0034593177510188087,0.0039296887915149376,0.0037051100814438076
2017-10-02,0.0046597276499765455,0.00446025730970535,0.0046597276499765455,0.003874003457017716
2017-10-03,0.0017497661670433675,0.001638331273063287,0.0017497661670433675,0.0021588381272976687
2017-10-04,0.0033258087982289365,0.003282566700501195,0.0033258087982289365,0.0012467201713795006
2017-10-05,0.004018865502589654,0.00373164496274648,0.004018865502589654,0.005646787369921524
2017-10-06,-0.0005987263273499494,-0.0005922127482493245,-0.0005987263273499494,-0.0010736344069645076
2017-10-09,-0.0023808944273599605,-0.001949066856423868,-0.0023808944273599605,-0.0018044339160793177
2017-10-10,0.002515330521795323,0.0028090498441485923,0.002515330521795323,0.002322412261707374
2017-10-11,0.0012453280684761772,0.001607347050683838,0.0012453280684761772,0.0018035072962026
2017-10-12,0.0010841420040734646,0.0015735909251761364,0.0010841420040734646,-0.0016867529508860502
2017-10-13,0.0012924582427954051,0.0007616373086224257,0.0012924582427954051,0.0008781073155288421
2017-10-16,3.191186119230863e-05,8.084766813629677e-05,3.191186119230863e-05,0.0017507533144689447
2017-10-17,-0.00027350648655761036,-0.00031082316668193106,-0.00027350648655761036,0.0006725789853143649
2017-10-18,0.0016329120816283003,0.0014944610390477142,0.0016329120816283003,0.0007423349056041584
2017-10-19,0.0014626357608514984,0.002001554288795086,0.0014626357608514984,0.00032799789456050554
2017-10-20,0.006358127854303539,0.0058469030886753705,0.006358127854303539,0.0051168427389869375
2017-10-23,-0.0022953584514338885,-0.0020113004157260514,-0.0022953584514338885,-0.003972484039719171
2017-10-24,0.0019794445575316644,0.001690630002106185,0.0019794445575316644,0.001617908278173541
2017-10-25,-0.00601480315997872,-0.0050266822544353254,-0.00601480315997872,-0.004663049754275228
2017-10-26,0.0038163796661422685,0.003812156616765534,0.0038163796661422685,0.001270946219078306
2017-10-27,0.00401984539427119,0.0034466355747602515,0.00401984539427119,0.008073022498049642
2017-10-30,-0.004915648243041098,-0.005015470166596781,-0.004915648243041098,-0.003192470570786421
2017-10-31,0.0031486798821591822,0.0029668179975211565,0.0031486798821591822,0.0009444586571358826
2017-11-01,-0.0002462636594309093,-0.00016002071711815644,-0.0002462636594309093,0.0015921101716727115
2017-11-02,0.0014621108017195323,0.001965106860331717,0.0014621108017195323,0.00018996581088659426
2017-11-03,0.0032961928234759375,0.002383781988158437,0.0032961928234759375,0.0030970753849743904
2017-11-06,0.0021271709074540375,0.0012726218603512122,0.0021271709074540375,0.0012712512404724485
2017-11-07,-0.0010729627759256386,-7.185918308438093e-05,-0.0010729627759256386,-0.00018910292286977715
2017-11-08,0.002432565940160928,0.002431042694447998,0.002432565940160928,0.001443655000098465
2017-11-09,-0.004862120313063636,-0.004496514922159044,-0.004862120313063636,-0.003761887644002093
2017-11-10,0.0007608442692418404,0.00012155625392764996,0.0007608442692418404,-0.0008976438525517549
2017-11-13,0.0020033368048885444,0.0025133574058837198,0.0020033368048885444,0.0009836343625724275
2017-11-14,0.0001330504531974221,0.001076974342128545,0.0001330504531974221,-0.0023096092988857952
2017-11-15,-0.005804374397556219,-0.006057517611991467,-0.005804374397556219,-0.005525675723266343
2017-11-16,0.008601470389065564,0.007679311374470794,0.008601470389065564,0.008196058063241196
2017-11-17,4.1481724828765644e-05,-0.0008405868421627631,4.1481724828765644e-05,-0.0026259630899742037
2017-11-20,0.0025666039234063243,0.0024113848494676723,0.0025666039234063243,0.0012756828808564435
2017-11-21,0.0054911814208546805,0.005317959738654003,0.0054911814208546805,0.006541139295859866
2017-11-22,-0.0008421447240898781,-0.001266542856262844,-0.0008421447240898781,-0.0007502611166068096
2017-11-24,0.0015149397450031367,0.0016106832236884266,0.0015149397450031367,0.0020560951489239088
2017-11-27,-0.0013189484547812102,-0.0005175676147629645,-0.0013189484547812102,-0.0003842577408796899
2017-11-28,0.009803876679448627,0.009589807398772417,0.009803876679448627,0.00984851271879017
2017-11-29,0.0015199608258032907,0.00217739280600906,0.0015199608258032907,-0.000369225702197995
2017-11-30,0.007825759516852396,0.007900795874063525,0.007825759516852396,0.008190950433802913
2017-12-01,-0.0025923644082135665,-0.0023891903622809286,-0.0025923644082135665,-0.002024530803113933
2017-12-04,6.643457846970322e-06,0.00014654670956221292,6.643457846970322e-06,-0.0010521566439205543
2017-12-05,-0.005315059686246765,-0.005543182442294008,-0.005315059686246765,-0.0037393815604747083
2017-12-06,-0.0007840707726665904,-0.0003347224213622661,-0.0007840707726665904,-0.00011410565998426492
2017-12-07,0.005333188475526211,0.004098210213425983,0.005333188475526211,0.0029323579853828274
2017-12-08,0.005890725521716868,0.005310276174390305,0.005890725521716868,0.005506306319651655
2017-12-11,0.0009640804849985023,0.0009029456836860901,0.0009640804849985023,0.003201957471006933
2017-12-12,-0.0015166615483129563,-0.001782545025942103,-0.0015166615483129563,0.001548922064604108
2017-12-13,-3.298898985654473e-05,-0.0003192565223232492,-3.298898985654473e-05,-0.0004729570906678582
2017-12-14,-0.005114496714159608,-0.004917347201151093,-0.005114496714159608,-0.004070859227173984
2017-12-15,0.008844257415716265,0.00876246100947407,0.008844257415716265,0.008974343513216354
2017-12-18,0.0064758933053277725,0.0049435764403812955,0.0064758933053277725,0.005362807225250732
2017-12-19,-0.0026681895880539567,-0.003393910027628424,-0.0026681895880539567,-0.0032302694598687065
2017-12-20,-0.000116459807779755,-0.0007621943048950465,-0.000116459807779755,-0.0008278931807477186
2017-12-21,0.0007979700166598529,-4.2575355646019245e-05,0.0007979700166598529,0.0019856558213586784
2017-12-22,0.0004851786822756543,0.0004769320360192531,0.0004851786822756543,-0.0004581666477052604
2017-12-26,0.0002803028573686676,1.3646887365909049e-05,0.0002803028573686676,-0.0010584151831672939
2017-12-27,0.0012881877480239792,0.0016018287445387276,0.0012881877480239792,0.0007909409391904099
2017-12-28,0.002693463711380418,0.0028054265597242008,0.002693463711380418,0.0018339987251561052
2017-12-29,-0.004532907014715164,-0.004014407255720339,-0.004532907014715164,-0.005183153157965359
2018-01-02,0.006405823100190148,0.003819881330052541,0.006405823100190148,0.008303361477520088
2018-01-03,0.006471193780875734,0.005744074258682292,0.006471193780875734,0.006398818768781567
2018-01-04,0.0030279538469559857,0.0028791418032081536,0.0030279538469559857,0.004028636080503967
2018-01-05,0.005410535423300954,0.0051620802829239025,0.005410535423300954,0.007033767443369587
2018-01-08,0.0042356184136081425,0.003639239854085441,0.0042356184136081425,0.0016623439316436617
2018-01-09,0.0005895628560894109,0.0008415540363565042,0.0005895628560894109,0.0013029315960912946
2018-01-10,-0.0027427470335142663,-0.0033690289471647104,-0.0027427470335142663,-0.0011122268282528491
2018-01-11,0.008524550505649405,0.006886125731670753,0.008524550505649405,0.007033646478779465
2018-01-12,0.005306355835890488,0.004808188445934258,0.005306355835890488,0.006749602987881076
2018-01-16,-0.005004973959706226,-0.0041702360388722924,-0.005004973959706226,-0.003524487622672101
2018-01-17,0.009418839478136484,0.009180185750952339,0.009418839478136484,0.009415051560751175
2018-01-18,-0.001532288460069575,-0.0019293447697693261,-0.001532288460069575,-0.0016163897301626484
2018-01-19,0.006891511528152937,0.006265702911950138,0.006891511528152937,0.004385235112838837
2018-01-22,0.005406119210081934,0.005239933864494318,0.005406119210081934,0.008066726499347698
2018-01-23,0.003590768025793524,0.00328710154038076,0.003590768025793524,0.0021743654797181655
2018-01-24,-0.00045871518741626686,-8.500684729432893e-05,-0.00045871518741626686,-0.0005599757022828333
2018-01-25,0.000302792582540279,0.0014308272091626225,0.000302792582540279,0.0006026209018938911
2018-01-26,0.009660474610600642,0.009231713876521483,0.009660474610600642,0.011841196508761032
2018-01-29,-0.007045982864861887,-0.0072526863942218136,-0.007045982864861887,-0.006731974332887192
2018-01-30,-0.009328826394626143,-0.008668965902452868,-0.009328826394626143,-0.010898815620283941
2018-01-31,-0.0003048589488069701,0.0004406801479984626,-0.0003048589488069701,0.0004889853730833948
2018-02-01,-0.0021376757418072514,-0.0022999394198427556,-0.0021376757418072514,-0.0006480882520516484
2018-02-02,-0.019566849567899204,-0.018478797272185408,-0.019566849567899204,-0.02120854792396809
2018-02-05,-0.03618856545971376,-0.036005809622916635,-0.03618856545971376,-0.04097922480422822
2018-02-06,0.011770621353741339,0.009858385082033874,0.011770621353741339,0.017440920592313836
2018-02-07,-0.002481263158147172,-0.0024507502751765584,-0.002481263158147172,-0.005001588416939429
2018-02-08,-0.03444117075513235,-0.033251489308674304,-0.03444117075513235,-0.03753641975808808
2018-02-09,0.013263180998149758,0.013978194715765259,0.013263180998149758,0.014936090208494734
2018-02-12,0.01184392142025633,0.011528489828357195,0.01184392142025633,0.013914584754042503
2018-02-13,0.0032682609136582613,0.0033188820490874715,0.0032682609136582613,0.0026129297463290957
2018-02-14,0.013606629241163837,0.012018613645927382,0.013606629241163837,0.013402458257245842
2018-02-15,0.01146374385738863,0.011734548895754286,0.01146374385738863,0.012069112762299383
2018-02-16,0.0013161826026527098,0.002091952653561462,0.0013161826026527098,0.0003734693722488025
2018-02-20,-0.005393584383999687,-0.006108522876125621,-0.005393584383999687,-0.005841389459353419
2018-02-21,-0.005355582992759585,-0.005446449786792548,-0.005355582992759585,-0.0054965031281792864
2018-02-22,0.000882821186144577,0.0008392938062523898,0.000882821186144577,0.0009735510790762625
2018-02-23,0.014704479531374343,0.014744529134162031,0.014704479531374343,0.01602837635051313
2018-02-26,0.0077974285262075406,0.007651313005474014,0.0077974285262075406,0.011757015343810906
2018-02-27,-0.012292095456475936,-0.01219747840470196,-0.012292095456475936,-0.012706888443829278
2018-02-28,-0.008945893654735743,-0.009344118776762843,-0.008945893654735743,-0.011095788639207016
2018-03-01,-0.009869246127366595,-0.010213095120144088,-0.009869246127366595,-0.013324399541987275
2018-03-02,0.00620181367611667,0.005269714658131097,0.00620181367611667,0.005071602744632031
2018-03-05,0.011309161933660545,0.011337313042159606,0.011309161933660545,0.011032026532745043
2018-03-06,0.006032026439279059,0.004869117320548724,0.006032026439279059,0.002638858606169414
2018-03-07,0.00016780995083829725,-3.3384260872571745e-05,0.00016780995083829725,-0.00048387472056610203
2018-03-08,0.003827514846751572,0.004287879110003757,0.003827514846751572,0.004463078207817217
2018-03-09,0.015574315786573516,0.015214135305140998,0.015574315786573516,0.01737883151892694
2018-03-12,-0.0009448455956458652,-0.0014325766666953013,-0.0009448455956458652,-0.001273985129042532
2018-03-13,-0.003958867072790168,-0.0036153100755812522,-0.003958867072790168,-0.006363576551088879
2018-03-14,-0.004391232965773876,-0.004411656954580397,-0.004391232965773876,-0.005724521948562322
2018-03-15,-0.0017132191360737716,-0.0011255128154649837,-0.0017132191360737716,-0.000781930531963182
2018-03-16,0.004378418379164452,0.004436510462592416,0.004378418379164452,0.001703447167811456
2018-03-19,-0.010944134143022654,-0.010252599665990314,-0.010944134143022654,-0.014204195388793028
2018-03-20,0.0021221593284455713,0.0018882167256546226,0.0021221593284455713,0.0014818054520648882
2018-03-21,-0.00029104808559720133,-0.0010829712699068023,-0.00029104808559720133,-0.0018439898833508828
2018-03-22,-0.022401523533597055,-0.02152501168909097,-0.022401523533597055,-0.025162888405856454
2018-03-23,-0.019217728355807574,-0.018849514133194512,-0.019217728355807574,-0.02096688071186603
2018-03-26,0.022712265917134607,0.022140981609532304,0.022712265917134607,0.02715725576151251
2018-03-27,-0.012658556075937064,-0.010799834402038076,-0.012658556075937064,-0.017276308813847896
2018-03-28,-0.002191120888695118,-0.0011739708599214534,-0.002191120888695118,-0.00291665716625622
2018-03-29,0.013189608793885336,0.012308773713815663,0.013189608793885336,0.013769718690019195
2018-04-02,-0.02150720397699484,-0.020491924316102413,-0.02150720397699484,-0.022337423560165104
2018-04-03,0.012160881086226023,0.011815949302485028,0.012160881086226023,0.012614865848792123
2018-04-04,0.010639731723756929,0.010078299619563257,0.010639731723756929,0.01156648273982852
2018-04-05,0.0061498266299480926,0.00584324183919019,0.0061498266299480926,0.0068628636575538415
2018-04-06,-0.0209639345573491,-0.01989428152897816,-0.0209639345573491,-0.021920248779842444
2018-04-09,0.0017700753866826601,0.0018124185296965853,0.0017700753866826601,0.0033365488963206236
2018-04-10,0.014685119099082638,0.012978149316406663,0.014685119099082638,0.0167269537832615
2018-04-11,-0.004505240032387083,-0.004388074828954981,-0.004505240032387083,-0.005525364482924067
2018-04-12,0.0056631609050789055,0.004711294060693308,0.0056631609050789055,0.008250750063987677
2018-04-13,-0.0027857463448771637,-0.0020975268572174673,-0.0027857463448771637,-0.0028866254882486952
2018-04-16,0.009903597572103231,0.010202413145063179,0.009903597572103231,0.008109038386684864
2018-04-17,0.009740195589795653,0.009009452592818674,0.009740195589795653,0.010661504701720004
2018-04-18,0.00289922589012497,0.0021327949214436964,0.00289922589012497,0.0008313658006817715
2018-04-19,-0.006542150306612396,-0.006000969719926394,-0.006542150306612396,-0.005726124690152989
2018-04-20,-0.007101880897917893,-0.0069448315612439075,-0.007101880897917893,-0.00853653230061302
2018-04-23,2.2070637537827283e-05,0.00019705769940981803,2.2070637537827283e-05,5.623169212687351e-05
2018-04-24,-0.010520228614175018,-0.009975795361129598,-0.010520228614175018,-0.01338056164164636
2018-04-25,0.0014424940106224262,0.0015504269928151918,0.0014424940106224262,0.001837059563023713
2018-04-26,0.007921957851981232,0.0070974563002428985,0.007921957851981232,0.010434204774367295
2018-04-27,0.0015624472136166704,0.0021021192927036724,0.0015624472136166704,0.0011136248915897262
2018-04-30,-0.008772767745763913,-0.008476397384947973,-0.008772767745763913,-0.008187490964434607
2018-05-01,0.0014071902912974445,0.0009164680226196647,0.0014071902912974445,0.0025490454770622506
2018-05-02,-0.0068685433591388735,-0.007691387042473678,-0.0068685433591388735,-0.007205863568357729
2018-05-03,-0.0014220916060062347,-0.0012936340340192931,-0.0014220916060062347,-0.0022536742393085563
2018-05-04,0.012439596532126347,0.01205969362099241,0.012439596532126347,0.012811178963797909
2018-05-07,0.0030338949820005803,0.0022171884396650354,0.0030338949820005803,0.0034579455015175675
2018-05-08,7.454269360953394e-05,-0.0008277325476658497,7.454269360953394e-05,-0.0002656413228280252
2018-05-09,0.008294465675856559,0.007263518528841029,0.008294465675856559,0.009682220255068819
2018-05-10,0.008329114518096306,0.008326331945499628,0.008329114518096306,0.009370643723504823
2018-05-11,0.000741389007416603,0.0009044320512119847,0.000741389007416603,0.0017075955546570487
2018-05-14,1.5018443012517239e-05,-0.00044084377206620427,1.5018443012517239e-05,0.0008834895573073265
2018-05-15,-0.005779007968496698,-0.006106025569299938,-0.005779007968496698,-0.006842140279927467
2018-05-16,0.004475125812524652,0.003480618807384874,0.004475125812524652,0.004060561678767671
2018-05-17,0.0012984202838095976,0.0008069323195886307,0.0012984202838095976,-0.0008558723207806596
2018-05-18,-0.000581457080431722,-0.00019817381651530107,-0.000581457080431722,-0.00263219493841671
2018-05-21,0.007694231805268353,0.007540294574382082,0.007694231805268353,0.007386752997235124
2018-05-22,-0.003987561254597746,-0.0036040659110753966,-0.003987561254597746,-0.0031357617896576873
2018-05-23,0.0025059926992405646,0.002591579155788777,0.0025059926992405646,0.0032484098921563564
2018-05-24,0.0003139691831759942,0.00023574606020851778,0.0003139691831759942,-0.002023213496498033
2018-05-25,-0.0009681491901132374,-0.0008487757050193276,-0.0009681491901132374,-0.0023572204364039617
2018-05-29,-0.009431582990143872,-0.00953573232385769,-0.009431582990143872,-0.011564187290653005
2018-05-30,0.012596504631077489,0.012741112260881213,0.012596504631077489,0.012695791223314323
2018-05-31,-0.008359849190215046,-0.008042469249653083,-0.008359849190215046,-0.006879559974886984
2018-06-01,0.008945158302565417,0.007955028244504232,0.008945158302565417,0.010849230370481022
2018-06-04,0.004212603219797172,0.003986646350056855,0.004212603219797172,0.004479598435997323
2018-06-05,0.0015961057300775121,0.0009556352338877797,0.0015961057300775121,0.0007025929724704394
2018-06-06,0.007215032151531631,0.00634961533244811,0.007215032151531631,0.008567392465728796
2018-06-07,-0.0009528142463764828,-0.00019844677699227902,-0.0009528142463764828,-0.0007141884679080501
2018-06-08,0.004972545896626063,0.0048279969738533775,0.004972545896626063,0.0031259043893263616
2018-06-11,0.0017495549658666275,0.0010898504580476413,0.0017495549658666275,0.001068707668436586
2018-06-12,0.0031757897710523904,0.0030224920945013055,0.0031757897710523904,0.0017433852107295866
2018-06-13,-0.004673332319519553,-0.005030147737005984,-0.004673332319519553,-0.004026127868587581
2018-06-14,0.0028139856337178757,0.002884034276358437,0.0028139856337178757,0.002471549778432225
2018-06-15,0.0005182992076493368,0.0010446589460456665,0.0005182992076493368,-0.001017102715529128
2018-06-18,-0.0013009184319910361,-0.0016116006850082814,-0.0013009184319910361,-0.0021261277624751163
2018-06-19,-0.004316799970959097,-0.0037847271467810186,-0.004316799970959097,-0.004023402292699374
2018-06-20,0.002255137702997624,0.001378608294847887,0.002255137702997624,0.0017121542893689945
2018-06-21,-0.005636667524049604,-0.005232448044605788,-0.005636667524049604,-0.006345510515579966
2018-06-22,0.0019153351045580328,0.0025048439715675327,0.0019153351045580328,0.0018619345065358228
2018-06-25,-0.01229408657023034,-0.010037485726541631,-0.01229408657023034,-0.013724668973416176
2018-06-26,0.001216143008621032,0.0006680462668242088,0.001216143008621032,0.0022045770199778936
2018-06-27,-0.008828961396591988,-0.008017924739583182,-0.008828961396591988,-0.008604355128821406
2018-06-28,0.004897190408148711,0.004844986834725309,0.004897190408148711,0.00617868985946779
2018-06-29,0.001313051952661676,0.0013848035427280502,0.001313051952661676,0.0007584033300001014
2018-07-02,0.001652600653923206,0.0014758263035276207,0.001652600653923206,0.003067957412152822
2018-07-03,-0.002128361992142636,-0.0015155354362530842,-0.002128361992142636,-0.00494735062681062
2018-07-05,0.008544215783499289,0.008293371512659803,0.008544215783499289,0.008620803683929923
2018-07-06,0.007633068721141851,0.007017141450127528,0.007633068721141851,0.008481281595267509
2018-07-09,0.007679518431533589,0.006299556440759916,0.007679518431533589,0.008822985887663393
2018-07-10,0.003126878274234807,0.0034518476477926135,0.003126878274234807,0.003473267180873929
2018-07-11,-0.007175658593147359,-0.006250187269289503,-0.007175658593147359,-0.007094202866256172
2018-07-12,0.006945161913997494,0.006488733611208018,0.006945161913997494,0.008749042674663476
2018-07-13,0.000916179047391507,0.0009886242568355802,0.000916179047391507,0.0010792374947172778
2018-07-16,-0.002807592948358766,-0.0027001788106415982,-0.002807592948358766,-0.001028135726814483
2018-07-17,0.004393617764625504,0.003996699251732776,0.004393617764625504,0.00397369863071062
2018-07-18,0.0030607788444026516,0.002723944760242071,0.0030607788444026516,0.0021605126279586884
2018-07-19,-0.0009174137344165536,-0.0004682933914592092,-0.0009174137344165536,-0.003952993120479142
2018-07-20,-0.0027159110721082895,-0.0023712669389044008,-0.0027159110721082895,-0.0009484477101494582
2018-07-23,-0.00013800900459437482,-0.0004139895178125919,-0.00013800900459437482,0.0018380494891383492
2018-07-24,-0.0007817722234054285,7.564638672850018e-05,-0.0007817722234054285,0.004780911145920941
2018-07-25,0.008581859092037368,0.008548361324990327,0.008581859092037368,0.009101605057599604
2018-07-26,0.0038598383514789614,0.0041834110279226604,0.0038598383514789614,-0.0030322960242857855
2018-07-27,-0.007223877237196982,-0.006510917282093937,-0.007223877237196982,-0.00656220869212365
2018-07-30,-0.006553702752158343,-0.006226967736068631,-0.006553702752158343,-0.005754170294581917
2018-07-31,0.008071477220380633,0.008653332315837248,0.008071477220380633,0.004884728797982518
2018-08-01,-0.0043434974234548675,-0.0042557010798165784,-0.0043434974234548675,-0.0010403515262938923
2018-08-02,0.007173676595265249,0.005865741698760296,0.007173676595265249,0.004926444803381669
2018-08-03,0.003824578446180144,0.004488327820138677,0.003824578446180144,0.004644183009877123
2018-08-06,0.0035375003971196486,0.003200470662005589,0.0035375003971196486,0.003538227451535869
2018-08-07,0.0043515823364175445,0.0037479964052642032,0.0043515823364175445,0.0028241822564987196
2018-08-08,-0.002193847336312232,-0.002188434396799058,-0.002193847336312232,-0.0002623799656497061
2018-08-09,-0.0015274904942773415,-0.0012655398243238392,-0.0015274904942773415,-0.0014416744645237012
2018-08-10,-0.007176415978436675,-0.007075472845552185,-0.007176415978436675,-0.007113887913551609
2018-08-13,-0.004296910862761933,-0.003967485614767594,-0.004296910862761933,-0.004005992185342366
2018-08-14,0.0075192707733064326,0.007170655641121208,0.0075192707733064326,0.006389254777276809
2018-08-15,-0.006611003027647831,-0.005043553438776466,-0.006611003027647831,-0.007602164835758152
2018-08-16,0.00799182569849276,0.008137151606064812,0.00799182569849276,0.007919408484583057
2018-08-17,0.004594255369974114,0.004889393508684229,0.004594255369974114,0.0033231157222237684
2018-08-20,0.0037570047018802054,0.0032095627352064647,0.0037570047018802054,0.0024280177746833775
2018-08-21,0.003545059905747408,0.002481043116770547,0.003545059905747408,0.0020685364303643095
2018-08-22,-0.0013076916421220957,-0.0018627338325437558,-0.0013076916421220957,-0.0003981517707819515
2018-08-23,-0.0012578083932735875,-0.0014679477751406184,-0.0012578083932735875,-0.0016912621251551352
2018-08-24,0.006496491171876062,0.006073519246383828,0.006496491171876062,0.006198839704363079
2018-08-27,0.005984084744799947,0.005269748771417641,0.005984084744799947,0.007670409427647185
2018-08-28,0.0005480782834961921,0.00037454382990299644,0.0005480782834961921,0.00026927832649970007
2018-08-29,0.004039568969987785,0.0039958310578042736,0.004039568969987785,0.005701434129840033
2018-08-30,-0.005366655750035918,-0.005145594267909549,-0.005366655750035918,-0.004430329054144866
2018-08-31,0.0017259818233108701,0.0015261014102145752,0.0017259818233108701,0.00013447750859452157
2018-09-04,-0.0008456511035461492,-0.0006042188910392447,-0.0008456511035461492,-0.0016543221469484948
2018-09-05,-0.0005243807161177665,0.0007149426110590557,-0.0005243807161177665,-0.002803126684318036
2018-09-06,-0.0011844629278159888,-8.421450578377385e-05,-0.0011844629278159888,-0.0036523050860121087
2018-09-07,-0.0031297614563824397,-0.0033257683138918606,-0.0031297614563824397,-0.002213344827027508
2018-09-10,0.004286724329160598,0.004000499169951615,0.004286724329160598,0.0018978268127400888
2018-09-11,0.00067352968491709,0.0006588641984468176,0.00067352968491709,0.003739841510076891
2018-09-12,0.0016790810823900122,0.001265882911770458,0.0016790810823900122,0.00035667194221011833
2018-09-13,0.004794654475164582,0.005133007877880917,0.004794654475164582,0.005282254329749936
2018-09-14,0.0012372852811609182,0.0008487830742729802,0.0012372852811609182,0.00027548183892078804
2018-09-17,-0.004414704781747124,-0.0036638938137480556,-0.004414704781747124,-0.005569722252617426
2018-09-18,0.004420545269650532,0.003745297998237235,0.004420545269650532,0.005369014643958003
2018-09-19,-0.001286195018099345,-0.0018718470348052622,-0.001286195018099345,0.0012532727238796504
2018-09-20,0.006401316899812904,0.006374765632624282,0.006401316899812904,0.007840591898404803
2018-09-21,0.00030252940442195415,0.0006344782759804173,0.00030252940442195415,-0.00036853301202766087
2018-09-24,-0.006094068524236097,-0.006750963347989787,-0.006094068524236097,-0.0035156877607932513
2018-09-25,-0.002337057026635152,-0.002743808448955328,-0.002337057026635152,-0.0013050961134796202
2018-09-26,-0.004822648632426974,-0.005036227955476097,-0.004822648632426974,-0.003289278113945082
2018-09-27,0.0008925035550543419,0.0008429724376613679,0.0008925035550543419,0.0027632870875580196
2018-09-28,0.0016160968561604765,0.0022118481776303065,0.0016160968561604765,-6.870120538793323e-06
2018-10-01,-9.917907335879177e-05,-0.00015958397694354573,-9.917907335879177e-05,0.003641105118425747
2018-10-02,-0.0017817737098030622,-0.0010198439532537297,-0.0017817737098030622,-0.0003966902079042267
2018-10-03,-0.0004195777081185512,-0.0012233962362268396,-0.0004195777081185512,0.0007115197468861023
2018-10-04,-0.009027331063664306,-0.00713520408923584,-0.009027331063664306,-0.008169482334351885
2018-10-05,-0.004492036030073995,-0.003418111815038233,-0.004492036030073995,-0.005527978766503461
2018-10-08,-0.0002571390232385168,0.0005924343108838234,-0.0002571390232385168,-0.00039511662920677093
2018-10-09,-0.004489766398172952,-0.003965667420120868,-0.004489766398172952,-0.0014179036575431292
2018-10-10,-0.028971364211279924,-0.02785464312685878,-0.028971364211279924,-0.0328642290012785
2018-10-11,-0.02067863362499104,-0.021450777750689397,-0.02067863362499104,-0.02057300761734404
2018-10-12,0.00914581994565463,0.00812039983983042,0.00914581994565463,0.014206197825152422
2018-10-15,-0.00098975325230978,-0.000851926372189331,-0.00098975325230978,-0.005904978964482943
2018-10-16,0.02100264439789535,0.02021252909743837,0.02100264439789535,0.02149560016316343
2018-10-17,-0.0020153202643732227,-0.001600426091108021,-0.0020153202643732227,-0.00025266233815879335
2018-10-18,-0.01300904692865994,-0.011872548940156063,-0.01300904692865994,-0.014391922356395415
2018-10-19,-0.002764517788712611,-0.001194806093708819,-0.002764517788712611,-0.00036116989772350117
2018-10-22,-0.005194119830314138,-0.005573154844876515,-0.005194119830314138,-0.004299527548581317
2018-10-23,-0.006477181057812992,-0.006429782106132842,-0.006477181057812992,-0.005511829997012829
2018-10-24,-0.027077707370543543,-0.02369107266847042,-0.027077707370543543,-0.030864433977743855
2018-10-25,0.012620793265816027,0.011437754326448713,0.012620793265816027,0.018625040052811848
2018-10-26,-0.01444701624604818,-0.01392453805005911,-0.01444701624604818,-0.017327264039978307
2018-10-29,-0.001804767672664966,-0.0003451471569965344,-0.001804767672664966,-0.0065595995737004476
2018-10-30,0.019448328416179064,0.01819692540462562,0.019448328416179064,0.015666780052058682
2018-10-31,0.008594972378903804,0.0071962791974708755,0.008594972378903804,0.010851331974038647
2018-11-01,0.01573715294635622,0.013180285169176577,0.01573715294635622,0.010557843693063784
2018-11-02,-0.003649239623822972,-0.003595445417907321,-0.003649239623822972,-0.0063166863793988615
2018-11-05,0.00552267579918247,0.006540155406951501,0.00552267579918247,0.005600317169601965
2018-11-06,0.007553016701744809,0.007449217294411264,0.007553016701744809,0.006259295774170726
2018-11-07,0.01780271905030187,0.01742677070589769,0.01780271905030187,0.021208856064105275
2018-11-08,-0.002675104004502179,-0.0017881958759683766,-0.002675104004502179,-0.0025089163835961825
2018-11-09,-0.008454002135627043,-0.006671410039149315,-0.008454002135627043,-0.00919901370610332
2018-11-12,-0.017479745651973196,-0.015312439988506739,-0.017479745651973196,-0.01970148934024063
2018-11-13,0.000443371429098856,6.874163064740538e-05,0.000443371429098856,-0.0014819196931705747
2018-11-14,-0.006167796164432948,-0.006270774868276966,-0.006167796164432948,-0.007567410690302756
2018-11-15,0.00969379786089641,0.00906909141447325,0.00969379786089641,0.010593753366266334
2018-11-16,0.003551219161818965,0.004256786030011763,0.003551219161818965,0.0022233054237545957
2018-11-19,-0.015676356858425788,-0.013040855884179196,-0.015676356858425788,-0.01664310858849427
2018-11-20,-0.015217651381821965,-0.014732551643107064,-0.015217651381821965,-0.01815124083246611
2018-11-21,0.006060292851734612,0.004458186701913943,0.006060292851734612,0.0030432907461763747
2018-11-23,-0.002407794562675632,-0.002368871388282686,-0.002407794562675632,-0.006554842390161242
2018-11-26,0.013384560633576393,0.01229785182907834,0.013384560633576393,0.0155323683669224
2018-11-27,-0.0005917338490953868,-0.0002599240301529008,-0.0005917338490953868,0.003261692144003847
2018-11-28,0.019724410287469685,0.01848503403358305,0.019724410287469685,0.022973979644221654
2018-11-29,-0.0025836810149899195,-0.0023838678363620157,-0.0025836810149899195,-0.0021831080910337253
2018-11-30,0.006731097975565263,0.007082140756217104,0.006731097975565263,0.008170747552017188
2018-12-03,0.011343825927977353,0.00980644595009352,0.011343825927977353,0.010941426132194287
2018-12-04,-0.032201762810678373,-0.029779332848654576,-0.032201762810678373,-0.03236490314939877
2018-12-06,-0.0010890225057436813,-0.0013380690019335767,-0.0010890225057436813,-0.0015222281477752508
2018-12-07,-0.02185582479189977,-0.020032681717905676,-0.02185582479189977,-0.023320118765389863
2018-12-10,-0.0003218568067939163,-0.0006595779548408018,-0.0003218568067939163,0.0017621539947350051
2018-12-11,-0.0013067335892620658,-0.0012346853978518085,-0.0013067335892620658,-0.00035634616892232795
2018-12-12,0.0063207432410817815,0.005000281141452019,0.0063207432410817815,0.005419503676349802
2018-12-13,-0.00252729504869155,-0.0015754865675103886,-0.00252729504869155,-0.00019993032368359476
2018-12-14,-0.014555594178562413,-0.013926662919115679,-0.014555594178562413,-0.019086709555430348
2018-12-17,-0.02164393754402414,-0.021713989242266002,-0.02164393754402414,-0.020773480559224233
2018-12-18,-0.0002884381906166646,-0.0006914319705165395,-0.0002884381906166646,8.640058610476231e-05
2018-12-19,-0.013970879975787259,-0.012826668310681464,-0.013970879975787259,-0.01539571453679811
2018-12-20,-0.014515549272711271,-0.01376409029263553,-0.014515549272711271,-0.01577210632742365
2018-12-21,-0.01720905714252932,-0.01586157000616835,-0.01720905714252932,-0.020588228309714296
2018-12-24,-0.0264398998360806,-0.027509290135636827,-0.0264398998360806,-0.027112254452099527
2018-12-26,0.04469084430815656,0.042227252979611524,0.04469084430815656,0.04959374278953943
2018-12-27,0.00923865784295015,0.009494822916194736,0.00923865784295015,0.008562680784222065
2018-12-28,-0.0009507627801229731,-0.0009437786312729723,-0.0009507627801229731,-0.0012415825080966947
2018-12-31,0.008919740190062414,0.008799042181366038,0.008919740190062414,0.00849248413140935
2019-01-02,-0.0022142927396709053,-0.0040596356084672686,-0.0022142927396709053,0.0012684969251244294
2019-01-03,-0.02042666768910254,-0.0188141456746945,-0.02042666768910254,-0.02475673039503723
2019-01-04,0.03289537503340925,0.030838911535341934,0.03289537503340925,0.03433571464262353
2019-01-07,0.00910833625685405,0.0075325790507658604,0.00910833625685405,0.007010434848680358
2019-01-08,0.011051742904695488,0.011168192327889874,0.011051742904695488,0.009695285023358924
2019-01-09,0.006255414732818173,0.004989966419212134,0.006255414732818173,0.004098045450532162
2019-01-10,0.006784765373592693,0.0073928537699821,0.006784765373592693,0.004518418782931244
2019-01-11,0.0012776163860273842,0.0009429305633716043,0.0012776163860273842,-0.00014629784190933748
2019-01-14,-0.005724738403070093,-0.004992358332979946,-0.005724738403070093,-0.005257525167898014
2019-01-15,0.007269766883979441,0.0076033585013408084,0.007269766883979441,0.010721688622945758
2019-01-16,0.0024919440704306815,0.0028270982165869707,0.0024919440704306815,0.0022219854881162515
2019-01-17,0.008583843453943672,0.008249440339132184,0.008583843453943672,0.0075914003822110665
2019-01-18,0.014330953386304603,0.013748038934241234,0.014330953386304603,0.01318305304897005
2019-01-22,-0.013019536189372457,-0.011538065939879112,-0.013019536189372457,-0.014157306164566674
2019-01-23,0.0003162810953054972,0.0011326006473048999,0.0003162810953054972,0.0022029127742235755
2019-01-24,0.005480806209671454,0.0038748124574848756,0.005480806209671454,0.0013757255543636049
2019-01-25,0.009865210413076659,0.008274321206834377,0.009865210413076659,0.008488694060713842
2019-01-28,-0.004681777291205317,-0.0037821013110201198,-0.004681777291205317,-0.007846827493937836
2019-01-29,0.0022043605810674336,0.0025701678856849906,0.0022043605810674336,-0.0014562465775435074
2019-01-30,0.012020475570463872,0.01099874349040129,0.012020475570463872,0.01554926091974429
2019-01-31,0.00887749031129797,0.008704028602866254,0.00887749031129797,0.008597395948725328
2019-02-01,0.00347830018585257,0.0031014325507700137,0.00347830018585257,0.0008986100931438479
2019-02-04,0.006129381963548033,0.005795003327701631,0.006129381963548033,0.006776236617404008
2019-02-05,0.004601867697954976,0.0041917252524191935,0.004601867697954976,0.00470842037697472
2019-02-06,-0.00047099532129601273,-0.0006717783179925897,-0.00047099532129601273,-0.0022244379802809355
2019-02-07,-0.005642220337944818,-0.004102638644758844,-0.005642220337944818,-0.009357140143940179
2019-02-08,0.0014349405287593675,0.0016534064311083847,0.0014349405287593675,0.0006762010869560964
2019-02-11,0.0028881050962897897,0.0023942561953289093,0.0028881050962897897,0.0007091030986317026
2019-02-12,0.011842050178016119,0.010693337685197707,0.011842050178016119,0.0128902247439735
2019-02-13,0.004232170944593671,0.004084495459763396,0.004232170944593671,0.003023994668760688
2019-02-14,-0.0014863691931398732,-0.0022117831311783127,-0.0014863691931398732,-0.002651641555101225
2019-02-15,0.011654920075352264,0.011315008597873554,0.011654920075352264,0.01087875260858695
2019-02-19,0.0028282132767083815,0.0023310007578732734,0.0028282132767083815,0.0014987433214488366
2019-02-20,0.00324867024412126,0.003242309450214053,0.00324867024412126,0.0017771107537685182
2019-02-21,-0.0026935961640637287,-0.0020702484407540845,-0.0026935961640637287,-0.003526436790880272
2019-02-22,0.006244859327650393,0.00586525635004098,0.006244859327650393,0.006411102394986878
2019-02-25,0.0002085236729614138,-0.0004939691961324203,0.0002085236729614138,0.0012318625699112573
2019-02-26,-0.002860260960009704,-0.002605738301183176,-0.002860260960009704,-0.0007904570968998437
2019-02-27,2.1482289063685147e-05,0.0005638151963853444,2.1482289063685147e-05,-0.0005440493877303387
2019-02-28,-0.002028475225900323,-0.0012567503950500288,-0.002028475225900323,-0.0028255083152146643
2019-03-01,0.005822799169112691,0.005356941821172881,0.005822799169112691,0.00689532059343434
2019-03-04,-0.004720106663557157,-0.004234733119729577,-0.004720106663557157,-0.003880558492514008
2019-03-05,-0.0030951828341041505,-0.0025685483025693623,-0.0030951828341041505,-0.001131532823106185
2019-03-06,-0.00801405482653477,-0.00704906590241979,-0.00801405482653477,-0.006524098653592381
2019-03-07,-0.006761279097552803,-0.006311283500475202,-0.006761279097552803,-0.00812571755868352
2019-03-08,-0.0025850209062004293,-0.002234841617720598,-0.0025850209062004293,-0.0021316888487414865
2019-03-11,0.01398214292039908,0.013153560150855219,0.01398214292039908,0.014666041867757107
2019-03-12,0.002809490107278947,0.0028719740300032744,0.002809490107278947,0.0029533182046204143
2019-03-13,0.006225792871132603,0.005935880053842388,0.006225792871132603,0.006949583813841809
2019-03-14,-0.0009366197819541324,-0.0006102748845736974,-0.0009366197819541324,-0.0008680223820187738
2019-03-15,0.0037893755725570064,0.003614736940166524,0.0037893755725570064,0.00498490290027398
2019-03-18,0.003896259182171578,0.003453873126990565,0.003896259182171578,0.0037059469012648005
2019-03-19,-0.0013835741756229255,-0.002287916614934948,-0.0013835741756229255,-0.0001305615560248663
2019-03-20,-0.005535710276941059,-0.005602006516490468,-0.005535710276941059,-0.0029443536044478913
2019-03-21,0.012943699758723812,0.012283151021483463,0.012943699758723812,0.010852481049954399
2019-03-22,-0.019728536184454755,-0.01714652141788595,-0.019728536184454755,-0.018974501239482744
2019-03-25,0.00012625479428880868,0.00038323367809743993,0.00012625479428880868,-0.000839020658475631
2019-03-26,0.007279455440031393,0.007443128896468627,0.007279455440031393,0.007182725862306283
2019-03-27,-0.0040427446379802555,-0.0036296467249223537,-0.0040427446379802555,-0.0046443248906916645
2019-03-28,0.005102563581634332,0.004685626529378339,0.005102563581634332,0.003589481529391092
2019-03-29,0.006918881890213717,0.006456674488150262,0.006918881890213717,0.0067342800173637585
2019-04-01,0.012165074955772723,0.010678892465870319,0.012165074955772723,0.011568600124275408
2019-04-02,-0.0007543357770378556,-0.0007451060784934365,-0.0007543357770378556,1.745570720723677e-05
2019-04-03,0.003481445118631638,0.002605913001928131,0.003481445118631638,0.002148376881724312
2019-04-04,0.0019832432423456917,0.0017358083349809442,0.0019832432423456917,0.0020846350796801527
2019-04-05,0.006520858088075544,0.006075607559753483,0.006520858088075544,0.004636432770241061
2019-04-08,0.0007488735033986112,0.00029543986700243647,0.0007488735033986112,0.0010474599539205265
2019-04-09,-0.007508275851926963,-0.006719376965165594,-0.007508275851926963,-0.006067494393846573
2019-04-10,0.00542208786233268,0.004586620257008784,0.00542208786233268,0.0034778715639784963
2019-04-11,0.002164063757405779,0.0023782946902872935,0.002164063757405779,3.8123067008344336e-05
2019-04-12,0.0076854178247369835,0.007099533690511922,0.0076854178247369835,0.006609324208602496
2019-04-15,-0.0016621772578405288,-0.0013899846893288687,-0.0016621772578405288,-0.0006293691084816588
2019-04-16,-0.00022776251307430532,-0.0012402025307230785,-0.00022776251307430532,0.0005093580038946222
2019-04-17,-0.0058334572933963665,-0.005734536599031862,-0.0058334572933963665,-0.0022738117853239315
2019-04-18,0.0025443380445157714,0.002702865061358386,0.0025443380445157714,0.0015790922795098083
2019-04-22,-0.0015718493303326778,-0.0019056358312956045,-0.0015718493303326778,0.001012017561471401
2019-04-23,0.008985387342739817,0.008991532325793762,0.008985387342739817,0.008841205788409079
2019-04-24,0.000890995651024132,0.0009703460501041934,0.000890995651024132,-0.002191763174733685
2019-04-25,-0.004826887848958863,-0.003761238586182768,-0.004826887848958863,-0.0003689736527457965
2019-04-26,0.00582357539203833,0.005865834183965768,0.00582357539203833,0.0046852921407636305
2019-04-29,0.00018981654513907495,-8.875186002741298e-05,0.00018981654513907495,0.001071522174355355
2019-04-30,0.0040196895550037096,0.005196316154577428,0.0040196895550037096,0.0009514170090862972
2019-05-01,-0.009484730862719892,-0.009400466868691114,-0.009484730862719892,-0.007502163081421376
2019-05-02,0.0015112542319947802,0.0014395170863997797,0.0015112542319947802,-0.0021239857917741967
2019-05-03,0.009882321863120202,0.00921510453833899,0.009882321863120202,0.009638279380647763
2019-05-06,-0.0040965226215794875,-0.0036818430847756914,-0.0040965226215794875,-0.004470988428756373
2019-05-07,-0.016239325011611183,-0.015182306507648059,-0.016239325011611183,-0.016511651392423388
2019-05-08,-0.001911867463233743,-0.0018996841704250244,-0.001911867463233743,-0.0016054253132695706
2019-05-09,-0.0014867514250760494,-0.0010228007708841212,-0.0014867514250760494,-0.0030214249424966866
2019-05-10,0.004638461017535129,0.006041809727382275,0.004638461017535129,0.0037202972597878414
2019-05-13,-0.023565996205003603,-0.02053641131698341,-0.023565996205003603,-0.02413055719884427
2019-05-14,0.009517529663812058,0.007998547704693533,0.009517529663812058,0.008015944543135589
2019-05-15,0.0034914545498842347,0.003146470397203359,0.0034914545498842347,0.00583897507464215
2019-05-16,0.007318020324405756,0.007756833953587689,0.007318020324405756,0.008895287120600504
2019-05-17,-0.007178414514555126,-0.005751362609394159,-0.007178414514555126,-0.005837333350761975
2019-05-20,-0.005950175283107925,-0.004924673278084457,-0.005950175283107925,-0.0067493779153879885
2019-05-21,0.0108259053231892,0.00972211357897212,0.0108259053231892,0.008495835590448308
2019-05-22,-0.0034159403253607836,-0.0022317801954606976,-0.0034159403253607836,-0.0028243962306494508
2019-05-23,-0.011696499791582307,-0.009873651929492595,-0.011696499791582307,-0.01191414994527018
2019-05-24,0.001874907715735128,0.0018200551734696372,0.001874907715735128,0.0013535590072402126
2019-05-28,-0.009604375102424019,-0.010023041592665583,-0.009604375102424019,-0.008375676922946718
2019-05-29,-0.006774952629853613,-0.00637765244144259,-0.006774952629853613,-0.0069119122568113145
2019-05-30,0.002830468195541607,0.0029356901753620586,0.002830468195541607,0.0020984713906617714
2019-05-31,-0.009631509507336228,-0.008203946270635556,-0.009631509507336228,-0.01319537280847849
2019-06-03,0.00488851617470227,0.005778926833544004,0.00488851617470227,-0.0027652403144732274
2019-06-04,0.021562325869725545,0.01871718485886366,0.021562325869725545,0.021432370568193138
2019-06-05,0.007973843768272348,0.0094347964902377,0.007973843768272348,0.008161854781411959
2019-06-06,0.005522885435875445,0.005373532160675857,0.005522885435875445,0.006135586748687638
2019-06-07,0.007326630637878423,0.0067609797990299016,0.007326630637878423,0.01049769746289475
2019-06-10,0.00482901203567806,0.0035718172140942247,0.00482901203567806,0.0046600444669098184
2019-06-11,-0.0012872185386911287,-0.0015110454439450451,-0.0012872185386911287,-0.00034988023558091275
2019-06-12,-0.0008860326993729708,0.0005088729455612665,-0.0008860326993729708,-0.0020375791387226005
2019-06-13,0.005899524409437415,0.005030052878552722,0.005899524409437415,0.004097381912668174
2019-06-14,-0.0029542868256257535,-0.0015313003564572738,-0.0029542868256257535,-0.001611511904139773
2019-06-17,-0.0009112980977974404,-0.001478316831394972,-0.0009112980977974404,0.0009317492412306283
2019-06-18,0.010453450832277791,0.008587321761219013,0.010453450832277791,0.009717399870633026
2019-06-19,0.005013364683940686,0.0049483976801538,0.005013364683940686,0.002985163546397107
2019-06-20,0.009629390693430002,0.008900583807132927,0.009629390693430002,0.009472185190685156
2019-06-21,-0.0035037121577324013,-0.0033344751130363493,-0.0035037121577324013,-0.0012592227925193322
2019-06-24,-0.0034532244436433863,-0.002910070744473121,-0.0034532244436433863,-0.0017318870104667816
2019-06-25,-0.007541161886531977,-0.0068278299233675566,-0.007541161886531977,-0.009496397343734198
2019-06-26,-0.0025792295382586145,-0.005099097621563085,-0.0025792295382586145,-0.0012339337557076835
2019-06-27,0.00733874773777427,0.006628339871613975,0.00733874773777427,0.003823175554131808
2019-06-28,0.008596472616394851,0.008411014695652886,0.008596472616394851,0.0057574526279098315
2019-07-01,0.007445221563367774,0.0066602169874238025,0.007445221563367774,0.007672301032188189
2019-07-02,0.000822200810345443,0.002427263690192734,0.000822200810345443,0.002928125887423194
2019-07-03,0.009034498448130025,0.00939295813181189,0.009034498448130025,0.007672378673070135
2019-07-05,-0.0014903189103202584,-0.0016107230945901336,-0.0014903189103202584,-0.00180590159841032
2019-07-08,-0.005605952202833443,-0.004932212218142038,-0.005605952202833443,-0.004835444424841517
2019-07-09,0.0009293018314180738,0.0006777901716781898,0.0009293018314180738,0.0012365569653400854
2019-07-10,0.001895318877469713,0.001703896559264827,0.001895318877469713,0.0045106896075925995
2019-07-11,0.0016797715893074122,0.0015343619404632458,0.0016797715893074122,0.002285226738359958
2019-07-12,0.006815412233314283,0.005715442304975532,0.006815412233314283,0.004620174547884881
2019-07-15,-0.000689521214187937,-0.0003742187930115005,-0.000689521214187937,0.00017586919155743175
2019-07-16,-0.002015544647600182,-0.001903697859898527,-0.002015544647600182,-0.003403778522185874
2019-07-17,-0.007199537203974336,-0.006763734036168998,-0.007199537203974336,-0.006531243569450895
2019-07-18,0.0037830512354666505,0.004078748542008268,0.0037830512354666505,0.003581997784064761
2019-07-19,-0.005405295600019493,-0.006354739408126345,-0.005405295600019493,-0.00617673452276668
2019-07-22,0.0012371383135924756,0.0005797615244173824,0.0012371383135924756,0.002828694915066654
2019-07-23,0.008088682377828647,0.007395316600824429,0.008088682377828647,0.006847482673755456
2019-07-24,0.007284194372622802,0.005632412904504133,0.007284194372622802,0.004688147952890187
2019-07-25,-0.006324911482048038,-0.00464282028447249,-0.006324911482048038,-0.005262401280453521
2019-07-26,0.005538092833441779,0.005769083279690078,0.005538092833441779,0.007387691099234761
2019-07-29,-0.002243633787018251,-0.0017378139007482622,-0.002243633787018251,-0.0016161146071345112
2019-07-30,0.0005226185194255782,-0.00031451868094468905,0.0005226185194255782,-0.0025786549148275606
2019-07-31,-0.010113974958085827,-0.009570123837991985,-0.010113974958085827,-0.010885526112695776
2019-08-01,-0.010102834334566388,-0.008128364718845453,-0.010102834334566388,-0.00899879386967306
2019-08-02,-0.00764570710384745,-0.00618209358765685,-0.00764570710384745,-0.007282739927037873
2019-08-05,-0.028381305881266194,-0.027086666153744752,-0.028381305881266194,-0.0297778200029859
2019-08-06,0.012804186483389057,0.013017835033787308,0.012804186483389057,0.013017017169932643
2019-08-07,0.001805128470430374,0.0021141019739364143,0.001805128470430374,0.0007668762331907164
2019-08-08,0.01935949509474493,0.01847388640989995,0.01935949509474493,0.018762303409984193
2019-08-09,-0.007241993659019114,-0.00565053772331307,-0.007241993659019114,-0.00661660635492356
2019-08-12,-0.012677266544771405,-0.011500147415109515,-0.012677266544771405,-0.012317322177972212
2019-08-13,0.013007139320679017,0.011888650346936643,0.013007139320679017,0.015131688322181258
2019-08-14,-0.028873571154426403,-0.027148427761254937,-0.028873571154426403,-0.029292752911742603
2019-08-15,0.0022900598135819974,0.004188643026743677,0.0022900598135819974,0.0024642680276520945
2019-08-16,0.015915536117291844,0.014398985699947162,0.015915536117291844,0.014426124657807904
2019-08-19,0.010777262273069372,0.010403368010269356,0.010777262273069372,0.012105865492430645
2019-08-20,-0.006945110164059265,-0.0071935174413324775,-0.006945110164059265,-0.007914727601131322
2019-08-21,0.00801812232977099,0.007463174882328141,0.00801812232977099,0.00824679859557964
2019-08-22,0.00031681479512451295,0.0005526509292211291,0.00031681479512451295,-0.0005060748601761755
2019-08-23,-0.025075020676501896,-0.023576570809065934,-0.025075020676501896,-0.025946336754618105
2019-08-26,0.009034998869270127,0.009252929903116961,0.009034998869270127,0.010982987735216332
2019-08-27,-0.004482637164912675,-0.0035070679143567613,-0.004482637164912675,-0.003203180635808267
2019-08-28,0.006840157211107808,0.006378562191360624,0.006840157211107808,0.006545480165679685
2019-08-29,0.012991086493205389,0.01212756559600938,0.012991086493205389,0.012687291793508804
2019-08-30,0.0013708871880529073,0.0014885689756049267,0.0013708871880529073,0.0006427872591217021
2019-09-03,-0.0064520019212687876,-0.004762811588702309,-0.0064520019212687876,-0.00689910050906084
2019-09-04,0.010706180917232935,0.009948213087165014,0.010706180917232935,0.010842079212828093
2019-09-05,0.013763819092857772,0.011262905787704803,0.013763819092857772,0.013009813642266721
2019-09-06,0.0021160046474390927,0.002235398957849511,0.0021160046474390927,0.0009106051537297599
2019-09-09,0.0017746785961135453,0.00016178125154109454,0.0017746785961135453,-9.401025965849463e-05
2019-09-10,0.002642626767744092,0.0010484624065099347,0.002642626767744092,0.0003223043548219451
2019-09-11,0.007664410721911433,0.0071695534513286805,0.007664410721911433,0.007229681189480308
2019-09-12,0.0015346622725144216,0.0020307872673915777,0.0015346622725144216,0.002879153101061016
2019-09-13,0.0005074699471790854,-0.0003284680038601206,0.0005074699471790854,-0.0007244143620946941
2019-09-16,0.00040451636757610145,-0.0003542588363566598,0.00040451636757610145,-0.0031355866640028207
2019-09-17,0.002065423091971786,0.0033862384163729914,0.002065423091971786,0.0025817523700197853
2019-09-18,-0.0009488912529366084,-0.0004042400474531469,-0.0009488912529366084,0.00034269198975556137
2019-09-19,-0.0016544203199007203,-0.001284943208595748,-0.0016544203199007203,1.997472142156731e-05
2019-09-20,-0.004109386622062282,-0.003509576724267095,-0.004109386622062282,-0.0048955765157830955
2019-09-23,0.0003730019824170886,0.00024907597305071257,0.0003730019824170886,-9.693591923765066e-05
2019-09-24,-0.00747327930186092,-0.005641650065239038,-0.00747327930186092,-0.008416371322106486
2019-09-25,0.006125977120499643,0.005172292744432866,0.006125977120499643,0.006158571742003405
2019-09-26,-0.001904296727592309,-0.0009963232813122883,-0.001904296727592309,-0.002428916406865711
2019-09-27,-0.005881637981163673,-0.005223738209094419,-0.005881637981163673,-0.005316352490240539
2019-09-30,0.004262763179606548,0.004182914286745889,0.004262763179606548,0.005047606675254723
2019-10-01,-0.014692478796549285,-0.013784923229755884,-0.014692478796549285,-0.012258373372913245
2019-10-02,-0.017354295969166867,-0.016795190406162352,-0.017354295969166867,-0.017903202985502964
2019-10-03,0.006878538797094404,0.006423828078595189,0.006878538797094404,0.00797191259701524
2019-10-04,0.012180975642155499,0.012559313086715955,0.012180975642155499,0.014216897585460186
2019-10-07,-0.005018163924505952,-0.005145135054390447,-0.005018163924505952,-0.004478294673592398
2019-10-08,-0.017526171052155815,-0.016302728515808114,-0.017526171052155815,-0.015560819201407838
2019-10-09,0.009025928173063039,0.008508473052617361,0.009025928173063039,0.0091044925499415
2019-10-10,0.006036163968059658,0.006045046092232739,0.006036163968059658,0.006415695380997066
2019-10-11,0.012866345039538441,0.01082712951233247,0.012866345039538441,0.010938977513132997
2019-10-14,-0.0021847557370600003,-0.0023605510461333756,-0.0021847557370600003,-0.0013871187334510982
2019-10-15,0.00828165257609037,0.006946044488206047,0.00828165257609037,0.009955676641137279
2019-10-16,-0.0021901983761058747,-0.0015798875777929679,-0.0021901983761058747,-0.0019995427986508885
2019-10-17,0.004286188175637837,0.003949885693839753,0.004286188175637837,0.0027628315736780706
2019-10-18,-0.0009332668453504883,7.96511136456675e-05,-0.0009332668453504883,-0.003919344949506964
2019-10-21,0.006088834867131868,0.005410965899018649,0.006088834867131868,0.006871616056117524
2019-10-22,-0.0020249263451410596,-0.0026857089739056447,-0.0020249263451410596,-0.003568666378412577
2019-10-23,0.002945574617877261,0.003052919907956332,0.002945574617877261,0.0028471487971184484
2019-10-24,0.003105775292773266,0.002362365790908296,0.003105775292773266,0.0019204463587332299
2019-10-25,0.003186834591929425,0.0016782832333489437,0.003186834591929425,0.004072700506109195
2019-10-28,0.0028203251834724727,0.0016269020572971193,0.0028203251834724727,0.005581337868471481
2019-10-29,0.002545843468135082,0.002874199074078627,0.002545843468135082,-0.0008324053147991117
2019-10-30,0.0011821029013691611,0.0016938098125466523,0.0011821029013691611,0.00325337015914573
2019-10-31,-0.005768834024267236,-0.0049781203325496935,-0.005768834024267236,-0.0030228605633046968
2019-11-01,0.01098877687541318,0.008750767882952593,0.01098877687541318,0.009662312168146059
2019-11-04,0.004471122723382409,0.001743629660307563,0.004471122723382409,0.003704089049704651
2019-11-05,-0.0003072511857123654,-0.001156380644393084,-0.0003072511857123654,-0.001185699214361291
2019-11-06,-0.0004867977139827803,0.001056265598149276,-0.0004867977139827803,0.0007024972279667807
2019-11-07,0.0022728939127090128,0.0004607914451713388,0.0022728939127090128,0.0027300951851503275
2019-11-08,0.0027240891928484424,0.0015641319090842153,0.0027240891928484424,0.0025606760900243053
2019-11-11,-0.0015123520241824297,-0.0015269772363954088,-0.0015123520241824297,-0.0019624672514313435
2019-11-12,0.0013598984012389128,0.0009851346705572407,0.0013598984012389128,0.0015646460846321375
2019-11-13,0.00029652682602065154,0.0017368512055035957,0.00029652682602065154,0.0007115345908383919
2019-11-14,0.0017793962449293443,0.0021544033796845018,0.0017793962449293443,0.0008370427393644686
2019-11-15,0.007476150291371234,0.006311985014422794,0.007476150291371234,0.007695488006902673
2019-11-18,-0.0007652106982633298,-0.0001811847065953818,-0.0007652106982633298,0.0005031528617669423
2019-11-19,0.0008760776101252692,0.0010548971819834862,0.0008760776101252692,-0.0005925944462060739
2019-11-20,-0.002251145464401794,-0.0021647099201082196,-0.002251145464401794,-0.003756184245747196
2019-11-21,-0.0035569260147654365,-0.003735547929369861,-0.0035569260147654365,-0.0015827522106851566
2019-11-22,0.002968257332357477,0.0025852492831937896,0.002968257332357477,0.0021749356911917594
2019-11-25,0.008887389696408383,0.007179183777705582,0.008887389696408383,0.007507291353015866
2019-11-26,0.0027077160502143567,0.0037176407851790775,0.0027077160502143567,0.0021955703874654287
2019-11-27,0.004044155861716144,0.0036113798463336703,0.004044155861716144,0.004174424362754614
2019-11-29,-0.005120505282061095,-0.004593757374232173,-0.005120505282061095,-0.004011219709926239
2019-12-02,-0.008887328366436664,-0.0087703111103502,-0.008887328366436664,-0.008631020716408422
2019-12-03,-0.0068432012700888525,-0.005982722516242057,-0.0068432012700888525,-0.00663809511563529
2019-12-04,0.006881998580821631,0.006430570958899108,0.006881998580821631,0.00632356747139462
2019-12-05,0.0018903128634256078,0.0018947839924261043,0.0018903128634256078,0.0015002511791302187
2019-12-06,0.00798302423154372,0.007021891088857254,0.00798302423154372,0.009135724328457329
2019-12-09,-0.0024907905539650896,-0.00263066640645177,-0.0024907905539650896,-0.00316282139344648
2019-12-10,-0.0008525643250503051,-0.0014296359674342476,-0.0008525643250503051,-0.0010969340964486207
2019-12-11,0.002976535692250246,0.0021407441865959375,0.002976535692250246,0.002908158040315856
2019-12-12,0.008725200005929145,0.006899150810993834,0.008725200005929145,0.008575225775086182
2019-12-13,-0.001461187488395068,-0.0006310026327246544,-0.001461187488395068,7.258178414493166e-05
2019-12-16,0.006509027553602194,0.006404468548340785,0.006509027553602194,0.007147785279833618
2019-12-17,0.0009875905961043334,0.0004327333638923498,0.0009875905961043334,0.00033529222633799094
2019-12-18,0.0006316757857398392,0.00041266811238134857,0.0006316757857398392,-0.00043230017186479675
2019-12-19,0.003685588130809342,0.00346650334241419,0.003685588130809342,0.004459292004863613
2019-12-20,0.006892203567448817,0.006652130774786251,0.006892203567448817,0.004944781081796634
2019-12-23,-1.1664440336624316e-05,-0.0012526609103993606,-1.1664440336624316e-05,0.0008661436002121992
2019-12-24,0.000347330085523833,0.0003387436416277327,0.000347330085523833,-0.00019544819997963092
2019-12-26,0.002627487344446751,0.0025900901888303947,0.002627487344446751,0.005128166675301138
2019-12-27,-0.0007368005953901514,-3.12716990732282e-05,-0.0007368005953901514,3.398471712534601e-05
2019-12-30,-0.003727229204639226,-0.003411695060907806,-0.003727229204639226,-0.005780822450430323
2019-12-31,0.0032191252130905645,0.003244386957540712,0.0032191252130905645,0.0029460216619106028
2020-01-02,0.004393499126728475,0.0027777059778036186,0.004393499126728475,0.008378802677341701
2020-01-03,-0.0051337454486236785,-0.004016093943464604,-0.0051337454486236785,-0.007059870562045378
2020-01-06,0.0012380129218935317,0.0011446444041611713,0.0012380129218935317,0.0035333728907271933
2020-01-07,-0.0007031524162318018,-0.0021695991698644935,-0.0007031524162318018,-0.0028032386528962228
2020-01-08,0.0032140653048798613,0.0033505168413289106,0.0032140653048798613,0.004902451368978156
2020-01-09,0.00545939590894989,0.005676017778863062,0.00545939590894989,0.006655262605488987
2020-01-10,-0.002129605237532854,-0.0016516968044330473,-0.002129605237532854,-0.002855178689662563
2020-01-13,0.007843465065566532,0.007220597468581362,0.007843465065566532,0.006976215252569862
2020-01-14,0.0009133360590122999,0.00030226514495474354,0.0009133360590122999,-0.001514532772802224
2020-01-15,0.0018978740559161245,0.0030050111500055147,0.0018978740559161245,0.0018701968845122874
2020-01-16,0.009145045806380115,0.00877615104899655,0.009145045806380115,0.00836655302646827
2020-01-17,0.0026478605268146155,0.003216266057975494,0.0026478605268146155,0.003862162248501333
2020-01-21,-0.0034770091497622656,-0.002373391637043366,-0.0034770091497622656,-0.0026519776473655776
2020-01-22,-5.216802209567512e-05,0.00015087209663039935,-5.216802209567512e-05,0.0002890760711180551
2020-01-23,0.0028144244247245123,0.0028776602139007927,0.0028144244247245123,0.0011409766124783616
2020-01-24,-0.008890493763341837,-0.007886190600178682,-0.008890493763341837,-0.009042160974207403
2020-01-27,-0.01535799454476461,-0.013304125286684721,-0.01535799454476461,-0.015730711659182384
2020-01-28,0.009242420310385416,0.008270545521148368,0.009242420310385416,0.010053584595046017
2020-01-29,-0.002578109251178509,-0.002081843270935003,-0.002578109251178509,-0.0008668741908683941
2020-01-30,0.002326120367288128,0.003257785041335816,0.002326120367288128,0.003134358792605374
2020-01-31,-0.017874409732523654,-0.016563748502743145,-0.017874409732523654,-0.01770582037552626
2020-02-03,0.006924160491989964,0.00647754748124842,0.006924160491989964,0.007254613892351713
2020-02-04,0.015079949855455674,0.012684809955394867,0.015079949855455674,0.014980414164082134
2020-02-05,0.012039669632152205,0.011191455818240716,0.012039669632152205,0.01125059589785371
2020-02-06,0.00012136092674492921,0.00038183490135595196,0.00012136092674492921,0.003325672876785646
2020-02-07,-0.007677145532102974,-0.006568206877689267,-0.007677145532102974,-0.005400853672730133
2020-02-10,0.0060352040864906946,0.005914847600202236,0.0060352040864906946,0.007326397804890528
2020-02-11,0.006958095050245357,0.005940592166765624,0.006958095050245357,0.0016884725532351208
2020-02-12,0.0065034865502828325,0.005450154062144353,0.0065034865502828325,0.006462646466197652
2020-02-13,0.00022297653805347878,0.001235555171036021,0.00022297653805347878,-0.0016304457368023773
2020-02-14,0.0015252911185165143,0.0024837583169108586,0.0015252911185165143,0.0018435333204338544
2020-02-18,-0.00270421164645769,-0.0025279743831016347,-0.00270421164645769,-0.002919942636890105
2020-02-19,0.004208613800409251,0.0023729412738986875,0.004208613800409251,0.004705785881164548
2020-02-20,-4.010114006418443e-05,-0.00014653568261157473,-4.010114006418443e-05,-0.00381551976362815
2020-02-21,-0.009091769107837946,-0.007313828473710229,-0.009091769107837946,-0.01051810302712286
2020-02-24,-0.0298955977149496,-0.027280998612623585,-0.0298955977149496,-0.03351362667122315
2020-02-25,-0.032698697180768746,-0.03142626483542664,-0.032698697180768746,-0.030279995565056117
2020-02-26,-0.009317205704963744,-0.008465756743144523,-0.009317205704963744,-0.0037785406053220116
2020-02-27,-0.039066407042085444,-0.03984374375556586,-0.039066407042085444,-0.04416324258407911
2020-02-28,-0.013168117928668111,-0.016118109598154934,-0.013168117928668111,-0.008238340444361891
2020-03-02,0.03950899361669167,0.04156950462764034,0.03950899361669167,0.046039229006110016
2020-03-03,-0.02343126921422579,-0.02201915463228356,-0.02343126921422579,-0.028107896121075893
2020-03-04,0.039440540549540395,0.04090216578810465,0.039440540549540395,0.04220259077449118
2020-03-05,-0.03340438228851404,-0.032347528591700855,-0.03340438228851404,-0.033922077046888544
2020-03-06,-0.020345719423029825,-0.018141565086332547,-0.020345719423029825,-0.01705385200037013
2020-03-09,-0.08455696794615962,-0.07961428383260677,-0.08455696794615962,-0.07596969747745097
2020-03-10,0.04594705366973685,0.04343545091285832,0.04594705366973685,0.04939630628156144
2020-03-11,-0.05409292199101971,-0.05244334462572742,-0.05409292199101971,-0.048868445131273974
2020-03-12,-0.10007817526761223,-0.09832701216360726,-0.10007817526761223,-0.09511268097833658
2020-03-13,0.0803497075853348,0.0780782513253868,0.0803497075853348,0.09287124972971839
2020-03-16,-0.12410234645256805,-0.12236256290792498,-0.12410234645256805,-0.11984055240393443
2020-03-17,0.05511097725856082,0.0592656564006581,0.05511097725856082,0.05995484974402432
2020-03-18,-0.068698351469769,-0.06672773352201034,-0.068698351469769,-0.051830762729157875
2020-03-19,0.012211969072642683,0.0062206867436249225,0.012211969072642683,0.0047078080405855705
2020-03-20,-0.04179898875995475,-0.045181810164856145,-0.04179898875995475,-0.04335951230846191
2020-03-23,-0.03604950834314659,-0.039422558413439224,-0.03604950834314659,-0.02929386782180443
2020-03-24,0.1053023726507723,0.10265030262218962,0.1053023726507723,0.09382773976227554
2020-03-25,0.02523614042907197,0.024975253822184896,0.02523614042907197,0.011535011448221999
2020-03-26,0.061532557083107814,0.06348015305476674,0.061532557083107814,0.062414163303876835
2020-03-27,-0.03248669200174635,-0.028717520604165762,-0.03248669200174635,-0.033687352562252526
2020-03-30,0.028474240870744565,0.02920651286104318,0.028474240870744565,0.03351600948370015
2020-03-31,-0.017925714120721713,-0.019688279545676653,-0.017925714120721713,-0.016012721914555605
2020-04-01,-0.0523519136518914,-0.048867117061693784,-0.04910643586168479,-0.04414243033166543
2020-04-02,0.015674720898457777,0.016186402472675644,0.01556697456620986,0.02282934723487151
2020-04-03,-0.01732493966982778,-0.017405470564578876,-0.017519308644784515,-0.015137125124949469
2020-04-06,0.08004581720132634,0.07634150599860905,0.07688663079545999,0.07033131865275055
2020-04-07,0.008766063795203536,0.0062179271843969056,0.006618682767155672,-0.0016030527844311804
2020-04-08,0.04421517406330591,0.041535752549412164,0.04210401886408842,0.03405645287963033
2020-04-09,0.02471256474384696,0.023601865550265118,0.02373600357124714,0.014487410153376512
2020-04-13,-0.022292169800986233,-0.021900991591614988,-0.02150051268661328,-0.010104660822607414
2020-04-14,0.025383043308846394,0.026502400454341074,0.02665580912539059,0.030572589146256046
2020-04-15,-0.033015898649773376,-0.031084909171260097,-0.031081712245235437,-0.022030438529415775
2020-04-16,-0.0024973696698763394,3.5102671459855996e-05,-2.6616123224531196e-05,0.005816689462164515
2020-04-17,0.03970490565200148,0.036656745830835946,0.036751765794506154,0.026793594848223412
2020-04-20,-0.020951337589270452,-0.020729226240229232,-0.02033892951583839,-0.01788104803401469
2020-04-21,-0.030008320285653783,-0.029544421196046982,-0.02970239195471682,-0.030674795694063395
2020-04-22,0.020657165399908507,0.020042070577181152,0.019739813695910574,0.022930247703843776
2020-04-23,0.002387548644400479,0.0005990833911932599,0.00043175022613331656,-0.0005394221197431159
2020-04-24,0.01405220869595108,0.01363751402964805,0.013920131912522058,0.013918057304545428
2020-04-27,0.026988905775001105,0.025241439312900567,0.02552718726960171,0.014714069804799612
2020-04-28,0.009079942345055415,0.006454051127256316,0.006704672038897517,-0.005242380698498916
2020-04-29,0.032378038996099576,0.026833013572065773,0.02730572091939778,0.026583916282167053
2020-04-30,-0.02299508649633158,-0.021540031604519932,-0.021797864961502388,-0.009212446303987654
2020-05-01,-0.033162515391007466,-0.02972400970603418,-0.030420258142810217,-0.028059034078492195
2020-05-04,0.002183358156407097,0.001768187557081892,0.0020833084760491184,0.004249827591976452
2020-05-05,0.00782758050455121,0.009147495084239798,0.009247394555479349,0.009040556385797371
2020-05-06,-0.012522511405763506,-0.0116887504761583,-0.011826826312925687,-0.006979410390386298
2020-05-07,0.01761516822025573,0.01590322734362743,0.0160808169386234,0.011504630788313985
2020-05-08,0.025253915989005858,0.022711072485405562,0.0233403641007511,0.016871538638701944
2020-05-11,-0.007647111117931771,-0.005481335886576855,-0.005798035908533578,0.00013307822091168653
2020-05-12,-0.024595484736931433,-0.023646359396914476,-0.02391518348199568,-0.020500317528877154
2020-05-13,-0.025550057164410958,-0.022841455226573985,-0.023407265908106798,-0.01746272460422804
2020-05-14,0.013165658006190576,0.011996815923468074,0.012050171913135259,0.01152482269503552
2020-05-15,0.0027546322152444533,0.002905821195586274,0.0028918818599712112,0.0039263632504382695
2020-05-18,0.04958895971900186,0.04436455572644393,0.045370012770737295,0.03150119163168075
2020-05-19,-0.011645606200491997,-0.01133960032614,-0.010981634064705342,-0.010484399194493177
2020-05-20,0.018787431527667285,0.017070306172138353,0.01751349522728378,0.01665110025908012
2020-05-21,-0.005519298924509784,-0.0059585415361211105,-0.005928222589835159,-0.007773596407737116
2020-05-22,0.0024600404605793725,0.002889405139652841,0.0028857267095018825,0.002353711326488428
2020-05-26,0.027215355548705945,0.02370660606126134,0.024011218758596395,0.012289184036080147
2020-05-27,0.021946848819587,0.020969075278879798,0.02060360891688697,0.014827297215913804
2020-05-28,-0.006012631848823006,-0.0029430465323088935,-0.0034229528426815317,-0.0021079145460738413
2020-05-29,0.0021505826440767484,0.0035258059350152873,0.0036021791262383987,0.004812335824971425
2020-06-01,0.008908984056524853,0.006703343427158707,0.0071153826443843575,0.003751234813537785
2020-06-02,0.012409587373901729,0.011128805680756443,0.011373109063326463,0.008210832780053412
2020-06-03,0.0242012686891427,0.02093588855352279,0.02141302394137331,0.013648979133831007
2020-06-04,0.002176894341823983,-0.00013268575961415744,-0.00015996863154021137,-0.0033687022311144066
2020-06-05,0.03242471432747815,0.028283756245414224,0.028843619269022326,0.026211650818398713
2020-06-08,0.020031529124726315,0.016609608887411108,0.016887825565263515,0.012041579421169235
2020-06-09,-0.02185202693289021,-0.0192074001482254,-0.019562453313324513,-0.007799170822611612
2020-06-10,-0.019196664757694444,-0.01566189982410707,-0.015779629758276015,-0.0053130910724373814
2020-06-11,-0.06635280089261551,-0.06182453173759254,-0.06247851474226748,-0.05894405927443824
2020-06-12,0.019187137279596783,0.01577405099008944,0.016090290726755108,0.013060843963234703
2020-06-15,0.011996170495162993,0.011267311005535133,0.011615991411819631,0.008312217041285264
2020-06-16,0.018752413955221592,0.01788562345851072,0.01785335551960495,0.01896239819380252
2020-06-17,-0.008054014187014416,-0.0060060244453691725,-0.006078568109028639,-0.0036002995561740248
2020-06-18,-0.0007058012369379908,-0.0008572553027707363,-0.0009232974122232303,0.0005942198825281686
2020-06-19,-0.009665618735120939,-0.00840800752713686,-0.00851063663148147,-0.005649494809462974
2020-06-22,0.002188232773635132,0.002552519900305125,0.002597992841021319,0.006495095537691675
2020-06-23,0.0010379101318581706,0.0005098736710718329,0.0004890761777820464,0.004307419569164139
2020-06-24,-0.03255387911171918,-0.029541426545971555,-0.02989596028392586,-0.025855145939064572
2020-06-25,0.010767896363948665,0.01015933315824177,0.010018438473186836,0.010959447267809841
2020-06-26,-0.021691508590906038,-0.019719807202687525,-0.020073772446059998,-0.024226905044785974
2020-06-29,0.01889520680627383,0.017319775586587403,0.017548873768715036,0.014685678433118632
2020-06-30,0.014826163185114729,0.014538867280050428,0.014738481506539579,0.015409875731554612
2020-07-01,-0.0011976536026167516,0.00045464894496566105,0.0007739911425818464,0.005022132820864389
2020-07-02,0.0054625550094962875,0.005375976204997791,0.005488846816927994,0.004541250844364075
2020-07-06,0.011601413564072186,0.01078703446770615,0.010916108142904495,0.01588172586745884
2020-07-07,-0.015254048321889906,-0.012814559162425847,-0.012797306557518177,-0.010818532028197159
2020-07-08,0.0044901238924832335,0.0038770814866269957,0.0039726242915507646,0.007827461915415501
2020-07-09,-0.012944216061304165,-0.010606883259110349,-0.010435056527966084,-0.005643606159361103
2020-07-10,0.014692786260551437,0.01272435151576782,0.012571319739286598,0.01046620127324438
2020-07-13,-0.006130875295021741,-0.005830964470956957,-0.006667764266346812,-0.009362541127788226
2020-07-14,0.016928295743686442,0.016902342161962056,0.017091593500587185,0.013406370782667931
2020-07-15,0.02039784119355888,0.0173878039095431,0.017505370785785672,0.009082050740923053
2020-07-16,-0.0023956625950506544,-0.0011343302357392916,-0.0015629312941332829,-0.0034061012455366413
2020-07-17,0.004459563334689267,0.005743877089932708,0.005823182412676707,0.002848612194617406
2020-07-20,-0.003357582810090546,-0.002485701202719743,-0.0019957176796312716,0.0084069387471426
2020-07-21,0.008571918543197351,0.006866708550992303,0.006529547313191867,0.0016790373419135474
2020-07-22,0.007227521997334411,0.007613682064249167,0.007660816497834039,0.005747082068739751
2020-07-23,-0.002690579314261707,-0.002713107338447938,-0.0029039816486855696,-0.012319859824193036
2020-07-24,-0.007441100742888621,-0.007010556407218731,-0.0070782491785104824,-0.006190400054688405
2020-07-27,0.005451113870419912,0.005969870743225667,0.005989058460733174,0.007395138795039502
2020-07-28,-0.006615695206760664,-0.006127511781939691,-0.006147257751832194,-0.006473392152297919
2020-07-29,0.01675583293047983,0.01545387178312876,0.015510785718938394,0.01242838167815008
2020-07-30,-0.006730968903368518,-0.005956402842169274,-0.005623507032840022,-0.003750251937389204
2020-07-31,-0.0006783430090500242,0.00046381102320028854,0.0004001091180544138,0.007670504990141325
2020-08-03,0.00416936670483478,0.003987792934680992,0.0041030151659086364,0.00718102343932614
2020-08-04,0.005162754582151355,0.004497981003994012,0.0048417921845105676,0.0036119303819721615
2020-08-05,0.00748156737446087,0.005951517716352692,0.005904370209689666,0.006429743053199433
2020-08-06,0.00031719361218167667,0.00042433514157511683,0.00040055244837129597,0.00642769555966427
2020-08-07,0.009175994313165684,0.008699476872736974,0.008368749249998779,0.0006330295486443038
2020-08-10,0.00988274413604398,0.007195390831195612,0.0070273965042116394,0.002742218294476073
2020-08-11,-0.002430996625014683,-0.003233265224171147,-0.0036557294901822302,-0.007969132154236114
2020-08-12,0.007845802093227577,0.008541256411793572,0.008681767506646357,0.013996549490237653
2020-08-13,-0.003731147808943375,-0.0029864084747908285,-0.002725887640686124,-0.002047174350497949
2020-08-14,0.0012305221455597576,0.0005107197432681237,0.0005230942682519486,-0.00017188262276812694
2020-08-17,0.0007948584965312784,0.0017147673494618196,0.0019917713335860835,0.0027098425110787527
2020-08-18,-0.003652212255435129,-0.0024839579711666043,-0.002355316971564279,0.002303389154016955
2020-08-19,-0.00406191791523707,-0.004116628820926537,-0.004030368690888117,-0.0044043954214108005
2020-08-20,-0.005385653290326305,-0.004420040761458226,-0.004339654055932033,0.0031586327691348615
2020-08-21,-0.0004791877355705889,-0.0002640172061946206,-0.0002864451356233526,0.0034411070444764214
2020-08-24,0.01392554590998528,0.011779979265755015,0.01162421332315429,0.010043718303008653
2020-08-25,7.213165577120645e-06,0.000353145184807555,0.00042678969539995584,0.0035963511532906
2020-08-26,-5.5049142150148986e-05,0.0013203306239143698,0.001387561400916198,0.010195626139483993
2020-08-27,0.005108839143505278,0.0038179058432877477,0.0037689892869290278,0.0016730440109038458
2020-08-28,0.008747668274820434,0.007273649399960742,0.007354281485782213,0.00673256535528588
2020-08-31,-0.007066749807283455,-0.0053563610252067104,-0.005005990688172127,-0.0021949627140287475
2020-09-01,0.003781280509543075,0.0033059195126559117,0.003226310547246002,0.007525003016613407
2020-09-02,0.01788464405139631,0.01831938166657223,0.01807136239882301,0.015365910154807594
2020-09-03,-0.02537015711637547,-0.026042749496624128,-0.026454997258713597,-0.03512584371534122
2020-09-04,-0.0037038877138890064,-0.004793004095423069,-0.005087210580288643,-0.008133027264274895
2020-09-08,-0.021882035333260896,-0.02070845499056291,-0.020697286505968908,-0.027756342102360998
2020-09-09,0.013781134550547417,0.014863578641003444,0.014772979181255723,0.02014498633677464
2020-09-10,-0.014340759377906024,-0.01420576972732757,-0.014244012316644282,-0.01758479659017942
2020-09-11,0.004244466499171725,0.0043181482992525645,0.004036957755789534,0.0005330721905940639
2020-09-14,0.01665930978879427,0.015292130896665614,0.015499362639032373,0.012741829089357504
2020-09-15,0.001792274275070591,0.0023675312592202477,0.0027342058826538857,0.005219359577689042
2020-09-16,0.0055408932168533615,0.003561314137037603,0.0035572411918106707,-0.004618946596211537
2020-09-17,-0.005231625105094134,-0.005082259653801938,-0.005295816347769731,-0.008412365876402483
2020-09-18,-0.010552472599610903,-0.00993164335583286,-0.009968411177550516,-0.011182581807410497
2020-09-21,-0.02330319108666036,-0.020794642874974463,-0.020494951225840823,-0.011571097930805796
2020-09-22,0.005791550878603311,0.006368923622556246,0.006392867813983122,0.010517945160813724
2020-09-23,-0.021829696437609673,-0.02069942734681905,-0.020951599003581376,-0.023721455093028143
2020-09-24,0.002203566398427125,0.002124898261343003,0.0020393047819386246,0.0029874591429570607
2020-09-25,0.01351882409965815,0.013274576021629549,0.013615842768580766,0.0159767237756141
2020-09-28,0.0180001099670365,0.016677819205740043,0.01658165280891951,0.016110590199083896
2020-09-29,-0.0064875102202404285,-0.0055252223942491175,-0.005420999076132557,-0.0048126645432444715
2020-09-30,0.005966466001671458,0.006063035219004443,0.006018069900970741,0.008253718228220741
2020-10-01,0.0036262417260591114,0.0034414244259685024,0.0037653152392980215,0.005292907769290922
2020-10-02,0.0028137382576936903,0.0015775224471294763,0.0012269002536656323,-0.009577652178616392
2020-10-05,0.01785463139371193,0.016997848973404766,0.017035726016148008,0.01797270867614209
2020-10-06,-0.008793153179695885,-0.008459950686213587,-0.008356137168892063,-0.013973515692226712
2020-10-07,0.016903946201836176,0.016015828327632625,0.016126921227962627,0.01739675486921799
2020-10-08,0.01386908009009576,0.01248783220676095,0.012482393229429801,0.008010123642494982
2020-10-09,0.0030537785779494366,0.0040277582429888775,0.004128535544704657,0.00879353312061526
2020-10-12,0.007589151577789245,0.008201292071052614,0.00818046964424618,0.01641581296364758
2020-10-13,-0.008692427034916768,-0.007373966619518847,-0.007137939151436222,-0.006306918994084421
2020-10-14,-0.002901391001619176,-0.0032274811642379565,-0.0031867743127080017,-0.006623141753502759
2020-10-15,0.003578800937236384,0.0026925075926384186,0.002682687178061911,-0.0015277553060997207
2020-10-16,-0.000676535495721368,0.0001891419995389866,0.00012304718078114335,0.00013491955745537076
2020-10-19,-0.01293269294495723,-0.013268027429649679,-0.013164349186730323,-0.016329861778318078
2020-10-20,0.00577727938655361,0.004678783329434213,0.00459484361857266,0.004727334073110212
2020-10-21,-0.003900134199201123,-0.0031310012031004354,-0.0031989732379285943,-0.0021956999281005363
2020-10-22,0.010624706015113086,0.008542225482984462,0.008440484779319465,0.005218925396392127
2020-10-23,0.004922129202936226,0.004735919781779004,0.004885705145712073,0.003445761353703114
2020-10-26,-0.02199733203636549,-0.019949543188484638,-0.020025990621231872,-0.018589516294535646
2020-10-27,-0.01205780122711678,-0.01071020496965398,-0.010567065214335536,-0.0030256189119989285
2020-10-28,-0.03013912809736831,-0.02960277123428812,-0.029682572183263575,-0.035287878760604796
2020-10-29,0.010824894412720231,0.008939427868464987,0.008917056401439208,0.011947330894238384
2020-10-30,-0.0036248870152739854,-0.0038425285322469375,-0.004308832564180633,-0.012129550130175693
2020-11-02,0.020559484926829904,0.01973866936694786,0.019323302999797193,0.01231820260127181
2020-11-03,0.020507150461014315,0.02006839930457506,0.020202359458752372,0.01779929009643455
2020-11-04,0.0048446438143739615,0.006294031410320363,0.006977603566895764,0.02204704770168342
2020-11-05,0.02044878848758897,0.018597946874747907,0.018924893377692355,0.01946019413896294
2020-11-06,-0.0015486152632093967,1.3199227618278752e-05,0.0001728250028777293,-0.00028771518741854685
2020-11-09,0.0359809228676996,0.026343152480907808,0.02568054783066069,0.01169988923568721
2020-11-10,0.006342829365721625,0.006863653763123423,0.006291035040137347,-0.0013997945931910616
2020-11-11,-0.00020308897717163482,0.001308638990891177,0.0016936400879132775,0.007651855318760337
2020-11-12,-0.014679118358867134,-0.01320325718686986,-0.013231015135066965,-0.009978532303877019
2020-11-13,0.02133175184966081,0.019282723027033977,0.01931948239009111,0.013610335409063534
2020-11-16,0.01902456552466822,0.01619704811170158,0.016084605617484114,0.011648051240012336
2020-11-17,-0.0028188595390734846,-0.0039075360317132775,-0.0036527621666260267,-0.004791925698091615
2020-11-18,-0.010927178618818999,-0.011265519131777695,-0.011143148012588564,-0.011563829610944043
2020-11-19,0.004899308193332009,0.004146149304287753,0.0042723496239200605,0.003946442467421596
2020-11-20,-0.005799967275887729,-0.005328371311891565,-0.005306710439826297,-0.006792562915180156
2020-11-23,0.014375459566167733,0.010799835832158803,0.010971246547584914,0.005635930617216234
2020-11-24,0.019395358172155763,0.016423330071934736,0.016348553184491337,0.016161668273416252
2020-11-25,-0.005554504916935937,-0.004869426012051734,-0.004689210873193516,-0.001584418237524976
2020-11-27,1.3524815543964746e-05,0.0005875953137307041,0.0007711742726070456,0.002396979198154181
2020-11-30,-0.009985536899981887,-0.00747329957603933,-0.007305818317322512,-0.004595548640170977
2020-12-01,0.009571727099360891,0.009086159138569498,0.00912723225363298,0.011271187194776155
2020-12-02,0.0010305962469680117,-0.000660630161326829,-0.000721982757859125,0.0017911667548251575
2020-12-03,0.003911349246728897,0.0021749082525983343,0.002399088730241767,-0.000624157213091503
2020-12-04,0.014600534929399252,0.012594077926712223,0.012706641298997049,0.008836275129611826
2020-12-07,-0.004460638538609812,-0.003763782214859273,-0.0036021352872543174,-0.0019356376714373402
2020-12-08,0.003103507872656298,0.0031079890990455186,0.0031043082774728998,0.002787148065356293
2020-12-09,-0.0041003608291608675,-0.0040769448417620055,-0.0045095935263536075,-0.007949201604598555
2020-12-10,-0.0005638305556876209,-0.0019437154430033674,-0.001614022884469644,-0.0012851080682624305
2020-12-11,-0.003984842479142599,-0.002631449677191284,-0.002899765540791706,-0.0012649972997506032
2020-12-14,-0.006824161173716811,-0.005772171058898579,-0.00532344025795249,-0.004359258971957769
2020-12-15,0.0154445792310452,0.014290289255877466,0.014411725300446276,0.012921249154708825
2020-12-16,-0.0014326028278230478,-0.0012231343273488462,-0.0011489842731637727,0.0017727951669590514
2020-12-17,0.007634403048953818,0.00806334971313581,0.008233767180068123,0.005757654753379748
2020-12-18,-0.0029058411832786862,-0.0019594515169140247,-0.001751017599724283,-0.0035111185091528663
2020-12-21,-0.006302361982872691,-0.006370636387694521,-0.006511653182766289,-0.0039062790518439305
2020-12-22,-0.0022957459905043782,-0.0017262454130868216,-0.00139904994347572,-0.002073092860288006
2020-12-23,0.004300725681321078,0.0026358895770044644,0.0026235010806038433,0.000745811250824957
2020-12-24,0.00261469881212448,0.003161017668484,0.0030700323992554988,0.0035365890047962534
2020-12-28,0.0021939508963784815,0.002443591782378594,0.0022504711303772285,0.008722529021144565
2020-12-29,-0.005059509189381878,-0.0045475180914928345,-0.004678462008472927,-0.00222738052560012
2020-12-30,0.006276391085964239,0.004842232403127573,0.005055784847240012,0.0013415471654707467
2020-12-31,0.0075808389097529495,0.008228862319750428,0.008064050487397086,0.006438845522919845
2021-01-04,-0.015757840404436722,-0.015464312880214761,-0.015389399971659362,-0.014754827521051062
2021-01-05,0.009117208358437094,0.0071863792985848865,0.007363285140272832,0.007082595157549276
2021-01-06,0.021985227324030406,0.019872426220183072,0.01965110050744265,0.005709842747752214
2021-01-07,0.010490836882191299,0.009479922858829223,0.00997221180255187,0.014847403800101189
2021-01-08,0.0017058362838995274,0.0025402822694658676,0.002760698014638436,0.005491862685268911
2021-01-11,-0.0010751812067041613,-0.001646636083676517,-0.0015108160819003276,-0.006554750898592476
2021-01-12,0.00713974889271513,0.0047290634341149405,0.005050371416201,0.0004157884466327033
2021-01-13,-0.002447341611326909,-0.0020081975899560118,-0.0018027879546800231,0.0022756417379066196
2021-01-14,0.0032365450503645658,0.0010257848692284011,0.0012230116648466666,-0.0037534511943366766
2021-01-15,-0.007014734822075794,-0.005044517064629322,-0.005141911781793428,-0.007190027975370938
2021-01-19,0.005817221792577829,0.005099497036456612,0.0051385003022157635,0.008136379515524483
2021-01-20,0.007179243417369105,0.007587614123140516,0.007863198968152057,0.013935625421946263
2021-01-21,-0.005443305860217559,-0.0046715729667631736,-0.0044202513905936104,0.0003167233075522802
2021-01-22,-0.0039033419833227265,-0.0036924926648775895,-0.0035577688566636265,-0.0030106116552376383
2021-01-25,-0.0011969094259875772,0.0003989145670087146,0.0003658257232755157,0.0036158389430824833
2021-01-26,-0.006103388872848255,-0.004815847948756862,-0.0049059049837011865,-0.0014888337468982327
2021-01-27,-0.024421518722807223,-0.023667096692298224,-0.023711105090654168,-0.025677883699462
2021-01-28,0.01122400913022974,0.009365155568555184,0.009328167927098598,0.009760625975629766
2021-01-29,-0.018295393609922595,-0.017056837083377217,-0.016791025851171995,-0.019311475173124593
2021-02-01,0.014435626213153805,0.013585050746600696,0.013572568690338453,0.016051767614439383
2021-02-02,0.014596554398666386,0.013668822201965228,0.013424121965504882,0.013898223484416938
2021-02-03,0.0016294742262401773,-0.00022734800704449134,-0.00038976849162997715,0.0010087690809532646
2021-02-04,0.012936287004292082,0.011630222523985316,0.011447855253628667,0.010853322230420792
2021-02-05,0.005159485644829959,0.00505487507670256,0.004955614246712602,0.003897495164625342
2021-02-08,0.0116268278865493,0.009819994374296906,0.009851398109505494,0.007399348360373592
2021-02-09,0.0003893571527341357,0.0009690212407193101,0.0009398094137873739,-0.0011135249921484514
2021-02-10,0.002599840563337977,0.0018395085221499592,0.0018643326378486973,-0.00034518493235935477
2021-02-11,0.002312358430285741,0.001942510809662559,0.0018565950004760532,0.0016624551635393559
2021-02-12,0.004770054157144309,0.004187502586084551,0.004193922585209113,0.0047110331133788375
2021-02-16,0.0008724137723235508,-0.0010820013105454379,-0.0013784092626827071,-0.0005692724183511411
2021-02-17,-7.803461740832067e-05,0.0002937016349862641,0.0004018626565959428,-0.0003204020092266724
2021-02-18,-0.005742732155163615,-0.00419827877919858,-0.00435274048418151,-0.004415835627354592
2021-02-19,0.006363728761326697,0.003197387718361583,0.0028166312284731865,-0.0018548966445751658
2021-02-22,-0.0010036288131937438,-0.0028094872472920226,-0.003496480963270678,-0.0077328394581538396
2021-02-23,0.002609268434854355,0.0017678198069128839,0.001609628982839446,0.0012563181187927874
2021-02-24,0.01430809168650896,0.011404806634661212,0.011075779763310818,0.01135161376597904
2021-02-25,-0.022876111804878155,-0.020386402920255165,-0.02046245408137788,-0.02447880752512621
2021-02-26,-0.00642733399638583,-0.007162780012952792,-0.006905961853641475,-0.004750214169902844
2021-03-01,0.02211293964321232,0.021060987166734046,0.02125850102082144,0.023790763506800205
2021-03-02,-0.005111026278598003,-0.004889387507542151,-0.005106767654009411,-0.008080851690870694
2021-03-03,-0.007324900594519561,-0.008466529234731766,-0.009047504601471516,-0.01306622187199813
2021-03-04,-0.014593771772385187,-0.0142167107175149,-0.01451677425614217,-0.013417213930100202
2021-03-05,0.021921371310129542,0.022087622576271664,0.021630174414752786,0.01949596819778221
2021-03-08,0.004649551917641045,0.004370488049452413,0.0037435121740774574,-0.005359231030161227
2021-03-09,0.004616214895130033,0.005504089385190135,0.006322444035380173,0.01415464230382213
2021-03-10,0.009855640733743575,0.00917702507824466,0.008811538195874364,0.006030313342701321
2021-03-11,0.007733069452692142,0.006641672804500644,0.007503946966129943,0.010395487004435822
2021-03-12,0.006259939184095523,0.006034211038310151,0.005800026674705561,0.0010153984958789497
2021-03-15,0.010049729854975343,0.009958208433458203,0.010243526952176268,0.006491921301497117
2021-03-16,-0.007450650351254007,-0.005588770502851833,-0.005588278436661672,-0.0015696837343783798
2021-03-17,0.003794047378025641,0.0021702959325029243,0.0021958702554131415,0.00287938213053085
2021-03-18,-0.010322890946257495,-0.008456256742064515,-0.009216208288777918,-0.014760539319459198
2021-03-19,-0.0004400660367044004,-0.0005941242002611433,-3.191474965803104e-05,-0.0006027039747036333
2021-03-22,0.001441435950397883,0.0030883823455217668,0.003205054711763874,0.007025118077311765
2021-03-23,-0.013005543997067487,-0.01018310357641165,-0.010529493042192122,-0.007630854183940605
2021-03-24,-0.001600712540229996,-0.001526553557856259,-0.002194574748173785,-0.00546733601831495
2021-03-25,0.011516795765261559,0.01043970844512309,0.010303444126845966,0.005240265846959469
2021-03-26,0.018634197018537302,0.018608378765358716,0.018538960175370656,0.016631202604519668
2021-03-29,-0.004901430113611061,-0.002568563775079099,-0.002966333217997774,-0.0008680126852336212
2021-03-30,0.001044315963012546,-0.0008757482648492673,-0.0007209435895791168,-0.0031578329337678124
2021-03-31,-0.0007955022631501756,-0.0008745385382001663,-0.00037640875162858934,0.0036224990395776757
2021-04-01,0.011516808079321053,0.009919582641528939,0.010508947980410467,0.011825201774944727
2021-04-05,0.009949405642144521,0.010767714706989052,0.01076956624985809,0.014438226417743616
2021-04-06,0.0006467860231460561,0.0002942233051183603,0.00032070310728614143,-0.0009735307519511682
2021-04-07,-0.0031728610782273212,-0.0031820655602566293,-0.0033237901849779354,0.001475232784985625
2021-04-08,0.0018572026244834433,0.001993742203239595,0.002467863678115121,0.0042206328286402695
2021-04-09,0.005925842480478061,0.0060732142110814565,0.00621106442327923,0.007719934348738189
2021-04-12,0.0012543732058055768,0.0019991861163270123,0.001632192364598469,-0.00019607884876882142
2021-04-13,-0.0009362637132775415,-0.00044669601055381293,4.072577217085582e-06,0.0032944868090414303
2021-04-14,0.0015887451008629477,0.0006080348071953657,0.00021549771239367068,-0.004087726727828533
2021-04-15,0.00857691819278218,0.009714025578193484,0.010143344160072683,0.01109419052516647
2021-04-16,0.004493636606793679,0.00514732653230312,0.00475998240426104,0.0036088195555097347
2021-04-19,-0.004941851759051322,-0.004250303612742888,-0.004786242869323034,-0.005306560094486046
2021-04-20,-0.007201019452245919,-0.004061442462548601,-0.004651400380716142,-0.006802319771775922
2021-04-21,0.01168718786741198,0.00983064263929623,0.01019141253715597,0.009306055472153574
2021-04-22,-0.0057029303342721405,-0.005113704145985104,-0.005143760730526517,-0.009210657476561801
2021-04-23,0.01050525341723366,0.008884187301772093,0.009492346659377676,0.010928696540176919
2021-04-26,0.0017965358049320795,-0.0002896794615103801,0.0007171270697298146,0.001782270924804541
2021-04-27,0.0013352986154022241,0.0008256680881618122,0.000533563473897601,-0.00021489588801437698
2021-04-28,-0.0005272566320894738,-0.0013195601827476308,-0.0016103283049209041,-0.0008455399168898481
2021-04-29,0.006972438563346726,0.007655954473605351,0.006927029988273341,0.006762806734045723
2021-04-30,-0.007704908681086747,-0.006484362009498184,-0.007191323005612171,-0.007194706699326425
2021-05-03,0.005756950078695994,0.005892011179743265,0.005220956008650491,0.002748090747253684
2021-05-04,-0.0022514052747509014,-0.001114336069364646,-0.0020321560158151333,-0.006678337608227225
2021-05-05,0.0023783028292250832,0.0012015545364311609,0.0014933430887456869,0.0007034637617677753
2021-05-06,0.00513374759250535,0.005871492904620051,0.005399877977739944,0.008165456466051824
2021-05-07,0.011014338341651386,0.00904596965399063,0.010155832811687231,0.007373341616968343
2021-05-10,-0.004035681131614826,-0.0020020747745282583,-0.003790558980214893,-0.010435647322188157
2021-05-11,-0.011055876180888642,-0.01123111242542493,-0.010493856158327016,-0.00867391280271812
2021-05-12,-0.022733176044052773,-0.02150488149664905,-0.02266968980036249,-0.021449400664502738
2021-05-13,0.014062410907234188,0.014675893398257702,0.01433660843158055,0.012173141406923493
2021-05-14,0.015143636800713182,0.01246367058335566,0.013759357461358904,0.014917956876899785
2021-05-17,-0.0014347610560688506,-0.0023224870413548174,-0.0022703504042732533,-0.0025300521932207776
2021-05-18,-0.008824443538997036,-0.008158174645433416,-0.008491249421143036,-0.008517292959364653
2021-05-19,-0.004861434509752044,-0.0043320335364422724,-0.004102680481735656,-0.002943411456817757
2021-05-20,0.00831536553789534,0.008673050018546756,0.009104455824435528,0.010554741756143349
2021-05-21,0.0017020983871888053,0.0016589574834484453,0.0015504029177422797,-0.0007838806801412357
2021-05-24,0.00612193073830835,0.005244681075165399,0.005702216410551603,0.009911292190138532
2021-05-25,-0.004448722619645681,-0.004037503566349746,-0.004100807105729794,-0.0021252837802967495
2021-05-26,0.004116781303715589,0.002514808176159542,0.003320333363498203,0.0018768165702687245
2021-05-27,0.00449239821624687,0.0031413270397305515,0.0035248540834251114,0.0011653145418315525
2021-05-28,0.001511779277764088,0.0018243915247866437,0.001870181841377637,0.0007688818911402162
2021-06-01,0.0029433388079116744,0.0008044929673988617,0.0010221842033671636,-0.0004923335226864056
2021-06-02,0.0008375031597774166,0.0009248146295204575,0.0005822137613618579,0.0014469348384307246
2021-06-03,-0.0014284975226471898,-0.0003649159393124459,-0.0011387417372284324,-0.0036287033416374515
2021-06-04,0.005836943420516155,0.005508225812790661,0.006167419400245936,0.008834095710505974
2021-06-07,-0.001634317883503929,-0.002604854219352976,-0.0016749439649334907,-0.0007967387044511831
2021-06-08,0.0019940626627567596,0.0010597267572463498,0.001726863588568475,0.00017502486450582388
2021-06-09,-0.003874873204442519,-0.002851505312582281,-0.00301661950128094,-0.0018238673194856947
2021-06-10,0.002302342334644489,0.0032498925657847887,0.0033074197888035162,0.004652243012262192
2021-06-11,0.0030635349053669755,0.0027583542290109007,0.002935018702042136,0.0019484346695590737
2021-06-14,-0.0028866723322564626,-0.0022777910014172473,-0.0020474331598262486,0.0018152018730952513
2021-06-15,6.984999754818997e-07,0.0001400743099890107,-0.0005181026783857925,-0.0020116937805257917
2021-06-16,-0.0067516166708062025,-0.007545568942620067,-0.0072289113934152546,-0.005390124612855707
2021-06-17,-0.00834766278357056,-0.0062290409425347325,-0.006142815252024113,-0.00043571559205179966
2021-06-18,-0.01643900597900473,-0.01619159086470663,-0.0159442167118463,-0.013124468779900589
2021-06-21,0.018989560162726307,0.017744239527952982,0.017716181397928344,0.014002289962720793
2021-06-22,0.0015089787998956374,0.0015876382362672418,0.0017688337721512117,0.005124491902218642
2021-06-23,-0.0013855208045986474,-0.002568737327580296,-0.0018839371338555948,-0.0010832833431588806
2021-06-24,0.00639713135625671,0.005670936253144463,0.006142291528596248,0.005811249724885448
2021-06-25,0.007011118942353774,0.007082656603167021,0.006918265049540056,0.0033305973193167304
2021-06-28,-0.0033724597845086377,-0.0019405306429155702,-0.0014904328202344885,0.0023149642620619026
2021-06-29,-0.0007897362510175517,-0.0009418070823537833,-0.0005419529269008286,0.00027733619326086867
2021-06-30,0.0014040893878912576,0.0009078475085981738,0.0007483952440895668,0.0013281596467464851
2021-07-01,0.006862975971406929,0.006666498195252313,0.006778236665692713,0.0052216268542757405
2021-07-02,0.002587683680786045,0.00321239678104583,0.002587683680786045,0.007500081663913916
2021-07-06,-0.007386603516662371,-0.005555062849845348,-0.007386603516662371,-0.0020218560598241897
2021-07-07,0.0032114122687723614,0.005001055326439429,0.0032114122687723614,0.003358975310182588
2021-07-08,-0.010553560213616477,-0.010118479314874477,-0.010553560213616477,-0.008561024934316985
2021-07-09,0.015224853146960496,0.01359614403091874,0.015224853146960496,0.011277947808795874
2021-07-12,0.002481343173570389,0.002137750969307366,0.002481343173570389,0.0034511743312370946
2021-07-13,-0.008479540105747611,-0.007456321679788561,-0.008479540105747611,-0.0035168126585656267
2021-07-14,-0.0013723049159323664,0.0002767088183331903,-0.0013723049159323664,0.0011649345752446916
2021-07-15,-0.0019949659740415536,-0.0002679251971023913,-0.0019949659740415536,-0.0032622408541723713
2021-07-16,-0.007168974687968954,-0.0048193442129656205,-0.007168974687968954,-0.007538854211077806
2021-07-19,-0.017924781493848563,-0.01663586670261317,-0.017924781493848563,-0.015869512427409305
2021-07-20,0.019103534383324766,0.01700118670983438,0.019103534383324766,0.015162609437855634
2021-07-21,0.00904584902220188,0.00644996167060629,0.00904584902220188,0.008241819990835397
2021-07-22,-0.002369677168992828,-0.0013409379890340475,-0.002369677168992828,0.0020166699583279435
2021-07-23,0.008155571129932569,0.008912354712388097,0.008155571129932569,0.010145452020822843
2021-07-26,0.0023292612017417978,0.001206784345231251,0.0023292612017417978,0.0023821998626283314
2021-07-27,-0.0012643707967254403,0.00041811968534384493,-0.0012643707967254403,-0.0047124448070912095
2021-07-28,0.00038647970713334495,-0.0012024062973971092,0.00038647970713334495,-0.0001862618826539153
2021-07-29,0.007750676080555719,0.007366745355017542,0.007750676080555719,0.004206152980007483
2021-07-30,-0.002318251679808709,-0.0018869464922301217,-0.002318251679808709,-0.0054060480514769305
2021-08-02,-0.0016588990693152262,-0.0013706674945579784,-0.0016588990693152262,-0.001842805614891363
2021-08-03,0.007826514150370768,0.007466526324290136,0.007826514150370768,0.0082034265474622
2021-08-04,-0.008350759730901127,-0.00790033457980547,-0.008350759730901127,-0.004632387901412294
2021-08-05,0.00672601675950539,0.005318272731716764,0.00672601675950539,0.006005446813494242
2021-08-06,0.0042078430284306495,0.0035427958386465004,0.0042078430284306495,0.001675266241764728
2021-08-09,-0.002152003689515743,-0.0016708058572190497,-0.002152003689515743,-0.0009399082741974318
2021-08-10,0.0040563226535672405,0.003295260367251567,0.0040563226535672405,0.0009926793341701323
2021-08-11,0.0067305839868649275,0.006450180264195352,0.0067305839868649275,0.0012757437876824707
2021-08-12,-0.0003542985914704109,7.703541586917293e-05,-0.0003542985914704109,0.004146380281677686
2021-08-13,0.00011846423738894266,0.0014636422637652555,0.00011846423738894266,0.001607306655808216
2021-08-16,0.0005413652191809917,0.0025133466622361683,0.0005413652191809917,0.002620850702215849
2021-08-17,-0.007731741570774022,-0.006018050362174725,-0.007731741570774022,-0.00706069881494753
2021-08-18,-0.009953951443225886,-0.01035250307229499,-0.009953951443225886,-0.010748470745585936
2021-08-19,-0.0021679863536737606,-0.00013605220020973313,-0.0021679863536737606,0.0012566922329095842
2021-08-20,0.0074112970772313635,0.007022139793634126,0.0074112970772313635,0.008141567655737925
2021-08-23,0.007209250811366973,0.004558375739208625,0.007209250811366973,0.00852379036424833
2021-08-24,0.00465979138942362,0.0024704560349190583,0.00465979138942362,0.0014957363013194946
2021-08-25,0.005261481724699517,0.0043005852024230965,0.005261481724699517,0.002220118224179668
2021-08-26,-0.006849277747502506,-0.006008400279769847,-0.006849277747502506,-0.005824918819612557
2021-08-27,0.010970144153092873,0.008951361558435813,0.010970144153092873,0.008807632480425154
2021-08-30,-0.0011140603313616227,0.00020324688243118826,-0.0011140603313616227,0.004306570844779589
2021-08-31,0.00011270118162188693,4.442262327526315e-05,0.00011270118162188693,-0.0013491160395050494
2021-09-01,-0.0001938939115018593,0.0008651262595364533,-0.0001938939115018593,0.0003116886257619189
2021-09-02,0.006408904873041167,0.006035677904590275,0.006408904873041167,0.002842638410522902
2021-09-03,-0.0033395702745059657,-0.0030014520816879346,-0.0033395702745059657,-0.0003350311257153127
2021-09-07,-0.008736242375371097,-0.009693640760851696,-0.008736242375371097,-0.003395574405981705
2021-09-08,-0.00033822775980642283,0.0019327746614104199,-0.00033822775980642283,-0.001318566739775151
2021-09-09,-0.0032368763454219867,-0.0043875645879582585,-0.0032368763454219867,-0.004605608657393345
2021-09-10,-0.006354535955436282,-0.006311202800880851,-0.006354535955436282,-0.007722578759925436
2021-09-13,0.004264732046755654,0.002632073066716664,0.004264732046755654,0.0022764876184568905
2021-09-14,-0.007471115601969416,-0.006482929306820133,-0.007471115601969416,-0.00574663850657553
2021-09-15,0.009210052594152947,0.007739814603892293,0.009210052594152947,0.008473996979569742
2021-09-16,-0.0021002352579818787,-0.0023888108863749915,-0.0021002352579818787,-0.0015511404489350067
2021-09-17,-0.007890077685966817,-0.008147761401122543,-0.007890077685966817,-0.009110872450405094
2021-09-20,-0.015397518526795745,-0.013523111820343412,-0.015397518526795745,-0.01697731100841482
2021-09-21,-0.002305147457020959,-0.002288572283439568,-0.002305147457020959,-0.0008123585165593639
2021-09-22,0.010952665848468955,0.009077396841413517,0.010952665848468955,0.009519611195260236
2021-09-23,0.013398761543723773,0.011257060131411256,0.013398761543723773,0.012134715784494876
2021-09-24,0.0006854320089889243,0.0002234496259047322,0.0006854320089889243,0.001461009046688222
2021-09-27,0.0017630233769062862,-0.0009222297772823805,0.0017630233769062862,-0.0027763826213396126
2021-09-28,-0.015534638193933843,-0.015209259389909378,-0.015534638193933843,-0.020364110556098214
2021-09-29,0.0014644085515266383,0.003113890332864194,0.0014644085515266383,0.0015691842194003325
2021-09-30,-0.014566087482606313,-0.014767052520663617,-0.014566087482606313,-0.011909714125195148
2021-10-01,0.011695644695040355,0.009955152000497718,0.011695644695040355,0.01149147763018199
2021-10-04,-0.007004150824890429,-0.006495876613528497,-0.007004150824890429,-0.012985898136748442
2021-10-05,0.008211700035174598,0.007916502219141815,0.008211700035174598,0.010524514660609219
2021-10-06,0.002383027149909938,0.003729257401828514,0.002383027149909938,0.004102792854185466
2021-10-07,0.008759637169701507,0.007961342417450931,0.008759637169701507,0.008298280656405366
2021-10-08,-0.0018308289357802051,-0.002312358622193179,-0.0018308289357802051,-0.0019137230947889883
2021-10-11,-0.005486290447535014,-0.005580784184162147,-0.005486290447535014,-0.006865763848056816
2021-10-12,0.0006206526709403449,0.0004215548821746416,0.0006206526709403449,-0.0024167805585421087
2021-10-13,0.0025547357284341522,0.003196222281535146,0.0025547357284341522,0.00302251448379387
2021-10-14,0.017232273942785075,0.01702812151981124,0.017232273942785075,0.01706310194558336
2021-10-15,0.003457583238197652,0.003283726903385815,0.003457583238197652,0.007460210377712606
2021-10-18,0.00045476047026730114,-0.00023431262767679514,0.00045476047026730114,0.00337476955709759
2021-10-19,0.006138180274764293,0.006678878343595729,0.006138180274764293,0.007393339551406308
2021-10-20,0.0075621601165613145,0.007681027151186312,0.0075621601165613145,0.0036640298040166996
2021-10-21,0.0016641702988059591,0.002200986612139134,0.0016641702988059591,0.002995871849622578
2021-10-22,0.003764936915282799,0.004158216450049916,0.003764936915282799,-0.0010725536274130976
2021-10-25,0.0024718348371368347,0.001340971989481948,0.0024718348371368347,0.004748196569493546
2021-10-26,-0.0012380081578017947,-0.0009136524583544687,-0.0012380081578017947,0.0018197952535197182
2021-10-27,-0.012586233029011884,-0.01152720579777827,-0.012586233029011884,-0.005051568068462853
2021-10-28,0.01090405711434933,0.009948506270944471,0.01090405711434933,0.009829281576461124
2021-10-29,-0.0006679035285697267,-0.0003515916217551818,-0.0006679035285697267,0.001949334719149265
2021-11-01,0.006978446427893855,0.004623699859875344,0.006978446427893855,0.0018000771431341267
2021-11-02,0.0029203872210728727,0.0037583731426184797,0.0029203872210728727,0.0036803630854131963
2021-11-03,0.0060988888280522815,0.0049926675107321555,0.0060988888280522815,0.006461279195357994
2021-11-04,-1.1025479068489208e-05,-0.00034216184500452485,-1.1025479068489208e-05,0.004181942361150437
2021-11-05,0.008235048498656052,0.006468414076738207,0.008235048498656052,0.003732799652949259
2021-11-08,0.00122386401881632,0.0007018933839363353,0.00122386401881632,0.0008877879113036169
2021-11-09,-5.3295816776292295e-05,0.0005802936142412541,-5.3295816776292295e-05,-0.003498775895770745
2021-11-10,-0.006609103328641397,-0.004317089705406183,-0.006609103328641397,-0.008225823395229703
2021-11-11,0.0026204650714164645,0.001125520514349884,0.0026204650714164645,0.0005509400447352153
2021-11-12,0.00493746780761097,0.0052398558247968635,0.00493746780761097,0.007222656026415475
2021-11-15,0.0018335228891870738,0.0019244723896263741,0.0018335228891870738,-1.0739820344718431e-05
2021-11-16,0.0022200057710298807,0.002306853072787912,0.0022200057710298807,0.003865229864862485
2021-11-17,-0.004995125509071909,-0.00398525822863339,-0.004995125509071909,-0.002601625374463401
2021-11-18,-0.00296706677915622,-0.0030981536730319845,-0.00296706677915622,0.0033847802152713324
2021-11-19,-0.005542410186632215,-0.004171541505198873,-0.005542410186632215,-0.001398665559303236
2021-11-22,0.0012654008419419093,0.0012957974094750047,0.0012654008419419093,-0.0031971365563219223
2021-11-23,0.003667722419796007,0.0034111195563682525,0.003667722419796007,0.001657132912945114
2021-11-24,0.0009077943113228021,0.0004643852637389784,0.0009077943113228021,0.0022938506357221833
2021-11-26,-0.025451090939496206,-0.022778240038613243,-0.025451090939496206,-0.022724822637582465
2021-11-29,0.008779824742521626,0.008601541489942587,0.008779824742521626,0.013200199537034996
2021-11-30,-0.025516275527515744,-0.02542251327425047,-0.025516275527515744,-0.01896131033450521
2021-12-01,-0.011986314409502546,-0.010253666195437872,-0.011986314409502546,-0.011815187417889228
2021-12-02,0.023243231080703548,0.022357647514490292,0.023243231080703548,0.01419443613158311
2021-12-03,-0.004462004130511423,-0.0026029795701906716,-0.004462004130511423,-0.008448563730297565
2021-12-06,0.014404334269236842,0.014107724015954,0.014404334269236842,0.011730872577451423
2021-12-07,0.016804951520536324,0.014826113230457159,0.016804951520536324,0.020707080374404274
2021-12-08,0.0026061779518074908,0.0021384603700838464,0.0026061779518074908,0.0030852853123166657
2021-12-09,-0.006984311429283705,-0.005739461778606354,-0.006984311429283705,-0.007181080169894716
2021-12-10,0.0065013810762819665,0.006986350105806428,0.0065013810762819665,0.009549073338481762
2021-12-13,-0.0064446021105969125,-0.003436406089533113,-0.0064446021105969125,-0.009136167611567658
2021-12-14,-0.005894533079511375,-0.005788638928926523,-0.005894533079511375,-0.0074706775774360246
2021-12-15,0.011581343627430804,0.011862768988493411,0.011581343627430804,0.016348464630746795
2021-12-16,-0.001996267066601062,-5.7205443113252287e-05,-0.001996267066601062,-0.008743415379980468
2021-12-17,-0.009134383773905637,-0.01045009129760287,-0.009134383773905637,-0.010287680637092622
2021-12-20,-0.012575887225873685,-0.011373712149110055,-0.012575887225873685,-0.01138805785140995
2021-12-21,0.01923463328208741,0.015785928511767328,0.01923463328208741,0.017777934551572505
2021-12-22,0.0082421013295301,0.00786868899675764,0.0082421013295301,0.010180197220578835
2021-12-23,0.006608231864908545,0.005969100754143057,0.006608231864908545,0.006223699921661829
2021-12-27,0.01324070635548413,0.012777874804944547,0.01324070635548413,0.01383893524747526
2021-12-28,0.001224126826972833,0.002158075347211837,0.001224126826972833,-0.0010101548486260992
2021-12-29,0.0032730112899590946,0.0036095980359852954,0.0032730112899590946,0.0014018951394270118
2021-12-30,-0.0024602229521651867,-0.002043437236002991,-0.0024602229521651867,-0.0029897555945093135
2021-12-31,0.00046272143849647197,0.0009541636215841537,0.00046272143849647197,-0.0026261799136575448
2022-01-03,0.0007487514001829955,-0.0019017802558856018,0.0007487514001829955,0.006374052530970564
2022-01-04,0.00783519035468432,0.006918056265731694,0.00783519035468432,-0.000629621957060511
2022-01-05,-0.016376263952799713,-0.014245019962440118,-0.016376263952799713,-0.019392757790687165
2022-01-06,0.0025622008840296686,0.0017097595259995227,0.0025622008840296686,-0.0009637690162076495
2022-01-07,-0.0028415180713265618,-0.002733049734633419,-0.0028415180713265618,-0.004050216740091761
2022-01-10,-0.004522614436187508,-0.004316045074827799,-0.004522614436187508,-0.0014410312534549607
2022-01-11,0.00931630435044808,0.00727156059012099,0.00931630435044808,0.009159984668711818
2022-01-12,0.0014086636873631288,0.001355220061028628,0.0014086636873631288,0.002817754443029452
2022-01-13,-0.00555928265617181,-0.004814512966442681,-0.00555928265617181,-0.0142436152864307
2022-01-14,-0.0010989005893971544,-0.0024585223939513766,-0.0010989005893971544,0.0008199802697488323
2022-01-18,-0.01676108583454934,-0.015305491272266221,-0.01676108583454934,-0.018387945694007368
2022-01-19,-0.010615124882963019,-0.0089540968508179,-0.010615124882963019,-0.009689541868338813
2022-01-20,-0.011739674545679707,-0.010559616012494959,-0.011739674545679707,-0.01103737849414832
2022-01-21,-0.014406597378412538,-0.012135842762629597,-0.014406597378412538,-0.018914821867908604
2022-01-24,0.00668618579807974,0.005371892434748915,0.00668618579807974,0.002771738943381896
2022-01-25,-0.01013014562580047,-0.010265756660133659,-0.01013014562580047,-0.012171906253646725
2022-01-26,-0.0064093972139404164,-0.00687523601793142,-0.0064093972139404164,-0.0014966358477518371
2022-01-27,-0.005863157915836963,-0.0043747305450138815,-0.005863157915836963,-0.00538408875771057
2022-01-28,0.018052591401468494,0.017979780584764828,0.018052591401468494,0.024347646888076113
2022-01-31,0.016422247290376467,0.014429766921306545,0.016422247290376467,0.018885951732779516
2022-02-01,0.007230324050539315,0.005065006436755969,0.007230324050539315,0.00686300355780145
2022-02-02,0.007820623300169468,0.008625016380450235,0.007820623300169468,0.00942251544733641
2022-02-03,-0.015351185368261648,-0.013354387802698809,-0.015351185368261648,-0.024391082077444004
2022-02-04,-0.0014675278756189451,-0.0029570564212273607,-0.0014675278756189451,0.0051569298644233985
2022-02-07,0.0008611421336046489,4.0683081802388366e-05,0.0008611421336046489,-0.0037017126347429485
2022-02-08,0.008755718712457535,0.007951051086666744,0.008755718712457535,0.008401207191663262
2022-02-09,0.016239453236620696,0.014385409162317848,0.016239453236620696,0.014517207887505545
2022-02-10,-0.016297693968287674,-0.016978451845487293,-0.016297693968287674,-0.01811572566845976
2022-02-11,-0.013590788068094958,-0.012289217201788005,-0.013590788068094958,-0.01896945434456343
2022-02-14,-0.007492552463686181,-0.007205553525374674,-0.007492552463686181,-0.0038405967262932217
2022-02-15,0.015612475461029323,0.012679283776983168,0.015612475461029323,0.01576672117072042
2022-02-16,0.003059510392072993,0.003000753038413518,0.003059510392072993,0.0008812077558950637
2022-02-17,-0.018290968216909953,-0.015916207483723105,-0.018290968216909953,-0.021173138152195015
2022-02-18,-0.004085883891545043,-0.0031424259022357556,-0.004085883891545043,-0.0071661613961429005
2022-02-22,-0.009853224127369707,-0.008257768800709088,-0.009853224127369707,-0.010142945264832837
2022-02-23,-0.016480177502516055,-0.015644241324579967,-0.016480177502516055,-0.018412122845487655
2022-02-24,0.010810604835808833,0.008315038543915066,0.010810604835808833,0.014956856067329216
2022-02-25,0.026965161786162404,0.02738357977699544,0.026965161786162404,0.022372677655603468
2022-02-28,-0.004184993062023181,-0.005129123239336865,-0.004184993062023181,-0.002442603440647617
2022-03-01,-0.017378008099840355,-0.01577575697338923,-0.017378008099840355,-0.015473503680411893
2022-03-02,0.022616438887690972,0.02129541735736992,0.022616438887690972,0.018642691757321028
2022-03-03,-0.0026019077607300533,-8.481779970595667e-06,-0.0026019077607300533,-0.005254666430088317
2022-03-04,-0.0056451872271577035,-0.0031441455882630625,-0.0056451872271577035,-0.007934042550334475
2022-03-07,-0.029014887934488025,-0.025616859604501743,-0.029014887934488025,-0.029518158313449172
2022-03-08,-0.006477947027545264,-0.009145559308984542,-0.006477947027545264,-0.00723375351819977
2022-03-09,0.022057766089868616,0.01977801453802139,0.022057766089868616,0.02569824789143582
2022-03-10,-0.0023491937658105698,-0.002465211327965833,-0.0023491937658105698,-0.004291813651667864
2022-03-11,-0.010306635216536278,-0.009179938658848169,-0.010306635216536278,-0.012961545123475138
2022-03-14,-0.004865557975593705,-0.002560588105852764,-0.004865557975593705,-0.007421002465963666
2022-03-15,0.016603829871256963,0.015911858840321473,0.016603829871256963,0.021408574170870942
2022-03-16,0.019713688719154493,0.016613670472247703,0.019713688719154493,0.02238376135718223
2022-03-17,0.01280925364057002,0.011765906978557839,0.01280925364057002,0.01234781757145198
2022-03-18,0.008530047997035956,0.006812026228359233,0.008530047997035956,0.011662294827948783
2022-03-21,-0.0013726242048197805,-0.0008990569987504015,-0.0013726242048197805,-0.00043466036210393355
2022-03-22,0.006840305128831821,0.005761015387523474,0.006840305128831821,0.0113041136006502
2022-03-23,-0.01327300410860121,-0.012468527711374956,-0.01327300410860121,-0.012272698789159042
2022-03-24,0.012311348613631432,0.011174137634758902,0.012311348613631432,0.01434391292056647
2022-03-25,0.007403366495993748,0.008062041632573399,0.007403366495993748,0.005066170567449069
2022-03-28,0.0026028903315218925,0.0030176499951982136,0.0026028903315218925,0.007144955276586762
2022-03-29,0.014623037625300456,0.013666343684003088,0.014623037625300456,0.012256547427530462
2022-03-30,-0.006125166715987059,-0.004528927719298545,-0.006125166715987059,-0.0062937001746978805
2022-03-31,-0.012804514975932893,-0.012232303674570436,-0.012804514975932893,-0.015652540713177343
2022-04-01,0.004241090251166557,0.005417140229160767,0.004241090251166557,0.0034102225843584133
2022-04-04,0.0012405484903518773,-0.0003629015695900396,0.0012405484903518773,0.008090938687879357
2022-04-05,-0.010248645344549737,-0.007570843351850995,-0.010248645344549737,-0.012551720801807331
2022-04-06,-0.004656076545943291,-0.0009580381894393038,-0.004656076545943291,-0.009716916613271898
2022-04-07,0.003535837644772958,0.0037844786089413257,0.003535837644772958,0.004253385628492534
2022-04-08,0.0013768137623362418,0.0017904361981805283,0.0013768137623362418,-0.002651026482054286
2022-04-11,-0.010081855163321628,-0.009669992734986524,-0.010081855163321628,-0.01687729010355421
2022-04-12,-0.002426240016981323,-0.002506448332807382,-0.002426240016981323,-0.003417447717741773
2022-04-13,0.011299752497516979,0.009165446881853428,0.011299752497516979,0.011174577597236057
2022-04-14,-0.006423756351205538,-0.005690973233041542,-0.006423756351205538,-0.01214413784439794
2022-04-18,-0.0022318723660819605,-0.0030849581566571005,-0.0022318723660819605,-0.0002048682840329885
2022-04-19,0.017893763072379013,0.016598835647387383,0.017893763072379013,0.016057604355527166
2022-04-20,0.007184557764841448,0.009120061205449006,0.007184557764841448,-0.0006184750715809706
2022-04-21,-0.014538276246603598,-0.012164932535521575,-0.014538276246603598,-0.014752948498371943
2022-04-22,-0.027955440170498596,-0.02694582195037004,-0.027955440170498596,-0.027740054250753654
2022-04-25,0.002565979326300186,0.0018797836733584479,0.002565979326300186,0.005697936985382235
2022-04-26,-0.0235023482659843,-0.021364345500896824,-0.0235023482659843,-0.028146308431003852
2022-04-27,0.0023184109562753245,0.0021796188024476464,0.0023184109562753245,0.0020980468517017847
2022-04-28,0.01785096012806811,0.01591035737171974,0.01785096012806811,0.02474690007293945
2022-04-29,-0.031195085778980718,-0.031211638328682054,-0.031195085778980718,-0.036284507106413955
2022-05-02,0.0028562366085811797,0.00016593282975810314,0.0028562366085811797,0.005675242812353654
2022-05-03,0.007297549928961757,0.006739200474022899,0.007297549928961757,0.004837126381486367
2022-05-04,0.028310123969807262,0.02711575132145961,0.028310123969807262,0.02986242108440229
2022-05-05,-0.03176745228081104,-0.029208813261322485,-0.03176745228081104,-0.035649708609806985
2022-05-06,-0.008736880211690064,-0.0068459640780816275,-0.008736880211690064,-0.0056742248424840325
2022-05-09,-0.030725840507996077,-0.025965847628048346,-0.030725840507996077,-0.03203710063235676
2022-05-10,-0.00036372128930638745,-0.0023363174044581667,-0.00036372128930638745,0.0024578974498534745
2022-05-11,-0.012483850561725716,-0.01006080434670269,-0.012483850561725716,-0.01646320750393837
2022-05-12,0.0037865903628270334,0.003457021739283067,0.0037865903628270334,-0.0012959645058717717
2022-05-13,0.023710775931429832,0.0201365496236887,0.023710775931429832,0.02386969542307149
2022-05-16,-0.0040149798490796635,-0.0028270504444331715,-0.0040149798490796635,-0.003946400929555671
2022-05-17,0.02108080009649995,0.018365802880227274,0.02108080009649995,0.020169632234863677
2022-05-18,-0.03816856129906945,-0.03658054860778798,-0.03816856129906945,-0.04039526078745259
2022-05-19,-0.001866329526925207,-0.0029578858021781194,-0.001866329526925207,-0.005833781800992588
2022-05-20,0.0010000033761942012,0.001428312980730596,0.0010000033761942012,0.00014614176965843662
2022-05-23,0.01405944442319141,0.01382970185744436,0.01405944442319141,0.018555039930923556
2022-05-24,-0.005888369617265459,-0.0020373598079831625,-0.005888369617265459,-0.008120797617175213
2022-05-25,0.011566338956329778,0.008936569784096356,0.011566338956329778,0.009450764734207695
2022-05-26,0.021072988039223008,0.018043321211044575,0.021072988039223008,0.019883256167224195
2022-05-27,0.023064717500672037,0.02127307354093768,0.023064717500672037,0.02474226295510973
2022-05-31,-0.009386252220848688,-0.009181600266061428,-0.009386252220848688,-0.006274368617659065
2022-06-01,-0.010462797155378761,-0.009971218620712843,-0.010462797155378761,-0.007482768681131846
2022-06-02,0.019385212857580773,0.016841395852653665,0.019385212857580773,0.018431018038486124
2022-06-03,-0.011815048114604085,-0.010921108534198868,-0.011815048114604085,-0.016347313992415624
2022-06-06,0.0031686062657163535,0.0028391364463937574,0.0031686062657163535,0.003137400778913113
2022-06-07,0.009699336414603254,0.009476255115205664,0.009699336414603254,0.009523393173235029
2022-06-08,-0.015148012647342918,-0.015321174908862261,-0.015148012647342918,-0.010793945785935621
2022-06-09,-0.022076612250168902,-0.02115342801781788,-0.022076612250168902,-0.02379869397635359
2022-06-10,-0.026490767340807676,-0.02379795999311319,-0.026490767340807676,-0.029110303335524668
2022-06-13,-0.040216854604582256,-0.03740447051977031,-0.040216854604582256,-0.038768430665237275
2022-06-14,-0.005514023359714599,-0.0070397111653502506,-0.005514023359714599,-0.0037736797459957394
2022-06-15,0.010229152084075474,0.009170188581410936,0.010229152084075474,0.014592504858983224
2022-06-16,-0.035719699679826536,-0.031647506638276465,-0.035719699679826536,-0.03251195148816344
2022-06-17,0.0024308686433619038,0.0013822724889947066,0.0024308686433619038,0.002200865698254617
2022-06-21,0.01800669929431492,0.018273128876390755,0.01800669929431492,0.024477242280086964
2022-06-22,-0.0013431939582462154,0.0002507326944660029,-0.0013431939582462154,-0.0013015723144006452
2022-06-23,0.008321759368561062,0.009481049215150122,0.008321759368561062,0.009532217409177868
2022-06-24,0.03238111586861871,0.030270750411784075,0.03238111586861871,0.03056329358583576
2022-06-27,-0.0002801526824684819,0.00028222598330862055,-0.0002801526824684819,-0.0029730715337762392
2022-06-28,-0.015236508625577093,-0.014289536985037645,-0.015236508625577093,-0.020143036075892073
2022-06-29,-0.005020691883270126,-0.0028675458545923205,-0.005020691883270126,-0.0007117454091590814
2022-06-30,-0.005743584295128754,-0.004114038161694949,-0.005743584295128754,-0.008759278267998716
2022-07-01,0.011690236552783588,0.012572496949811166,0.011690236552783588,0.010553814029047315
2022-07-05,-0.0036511699724472817,-0.006019571485594044,-0.0036511699724472817,0.0015841285142366157
2022-07-06,0.0005663556613724918,0.0021729986167442396,0.0005663556613724918,0.0035731642904301975
2022-07-07,0.015120664129320116,0.011675990030500679,0.015120664129320116,0.014964587965241805
2022-07-08,-0.003510891292102603,-0.003485513141949683,-0.003510891292102603,-0.000830271529819071
2022-07-11,-0.009065058773320114,-0.00669395535005321,-0.009065058773320114,-0.011527461422777274
2022-07-12,-0.005175704943381848,-0.005554424487633871,-0.005175704943381848,-0.009243878717321574
2022-07-13,-0.00453117173049968,-0.005142408122916994,-0.00453117173049968,-0.0044569025122100925
2022-07-14,-0.007093428352815856,-0.006739496758119006,-0.007093428352815856,-0.00299863390215227
2022-07-15,0.019604043326210033,0.01792997784585069,0.019604043326210033,0.01920124935943668
2022-07-18,-0.0048318648686963995,-0.006770122752942092,-0.0048318648686963995,-0.008363571580831342
2022-07-19,0.029809207154955244,0.027191599985084094,0.029809207154955244,0.02762829164595959
2022-07-20,0.006576757539117941,0.003699625192945355,0.006576757539117941,0.005895806193263242
2022-07-21,0.008183848036553108,0.007920456129293346,0.008183848036553108,0.00986137270919718
2022-07-22,-0.0061252029114249335,-0.0038274917477215385,-0.0061252029114249335,-0.00933246697634671
2022-07-25,0.003176640972047262,0.0035870633610543892,0.003176640972047262,0.0013151670479691902
2022-07-26,-0.00820045331543074,-0.005582303604056758,-0.00820045331543074,-0.01154320266205866
2022-07-27,0.019889936339316898,0.01667422328344083,0.019889936339316898,0.026156273782937722
2022-07-28,0.015876067562288126,0.015862785178912646,0.015876067562288126,0.012133338697180918
2022-07-29,0.011364923643175784,0.010246705300313068,0.011364923643175784,0.014207760082581844
2022-08-01,-0.0022484903223207505,-0.002484101049401989,-0.0022484903223207505,-0.0028230841271976725
2022-08-02,-0.006711139643277575,-0.007229679601727937,-0.006711139643277575,-0.006662395550704803
2022-08-03,0.010468445761609449,0.009460122844426613,0.010468445761609449,0.015638477163140152
2022-08-04,-0.0021161305003016655,-0.001884505975645098,-0.0021161305003016655,-0.0007773401640558397
2022-08-05,0.0010917634497186635,0.0011445517037116666,0.0010917634497186635,-0.0016257460597355333
2022-08-08,0.003128300814562616,0.0028547678112872876,0.003128300814562616,-0.0012375507238541195
2022-08-09,-0.005467915534072538,-0.0029959447755137265,-0.005467915534072538,-0.004248692893594086
2022-08-10,0.021894119790459486,0.01927698309566609,0.021894119790459486,0.021290637641290244
2022-08-11,0.003930370575843736,0.003082068911822167,0.003930370575843736,-0.0007054739583503
2022-08-12,0.016482672268086525,0.016048648781770782,0.016482672268086525,0.017322368774566943
2022-08-15,0.0020505088780795105,0.00279857315165658,0.0020505088780795105,0.0039695418998517695
2022-08-16,0.0035961568943130295,0.003730345774937135,0.0035961568943130295,0.0018756797165810912
2022-08-17,-0.008628902016748444,-0.00707766429008139,-0.008628902016748444,-0.007237794954094601
2022-08-18,0.004643739523688259,0.003552340657567641,0.004643739523688259,0.002269561170191503
2022-08-19,-0.012946755614147515,-0.010924328669349595,-0.012946755614147515,-0.012900001139847905
2022-08-22,-0.020358486842681534,-0.019304788859600804,-0.020358486842681534,-0.0214000649197158
2022-08-23,-0.0013574380939895536,-0.002947962961465026,-0.0013574380939895536,-0.0022378626777133093
2022-08-24,0.005307797545846158,0.004282060568359215,0.005307797545846158,0.0029161604463010526
2022-08-25,0.015011163892675526,0.01338573868265039,0.015011163892675526,0.014091605518061545
2022-08-26,-0.03164450511313881,-0.02993468627598702,-0.03164450511313881,-0.03368805871951874
2022-08-29,-0.00542805323513889,-0.004850216736376723,-0.00542805323513889,-0.006666355799502699
2022-08-30,-0.011863579322137753,-0.011228298315195671,-0.011863579322137753,-0.011028155571448206
2022-08-31,-0.006938744575275122,-0.006693705500464925,-0.006938744575275122,-0.007817025105971265
2022-09-01,0.0002979932810821422,0.002395500200227344,0.0002979932810821422,0.0029962320243361873
2022-09-02,-0.007475985430361365,-0.008421894653399858,-0.007475985430361365,-0.010736500458081055
2022-09-06,-0.0027397284263459398,-0.002199625437857328,-0.0027397284263459398,-0.004095056983834944
2022-09-07,0.02166269588692811,0.021627739606302446,0.02166269588692811,0.018341016392734
2022-09-08,0.008693842446521566,0.007382384256202508,0.008693842446521566,0.006610721877456038
2022-09-09,0.014094520459852487,0.012378928608318011,0.014094520459852487,0.015271449816332883
2022-09-12,0.008832750091632837,0.008417553993365204,0.008832750091632837,0.0105842727693497
2022-09-13,-0.038618761797218,-0.03689453293721263,-0.038618761797218,-0.0432366134006168
2022-09-14,0.00046140360500706874,-0.0002504139495447806,0.00046140360500706874,0.0033870120853238816
2022-09-15,-0.008186724326074438,-0.008587233973596349,-0.008186724326074438,-0.011317739184353415
2022-09-16,-0.01006254512151272,-0.008625564379528897,-0.01006254512151272,-0.007182134089448455
2022-09-19,0.008455758423989993,0.008170368041992372,0.008455758423989993,0.006857100716286535
2022-09-20,-0.015833817931334496,-0.015392551508163238,-0.015833817931334496,-0.011272103097361819
2022-09-21,-0.016031835370254502,-0.014963001162438939,-0.016031835370254502,-0.017116493600784488
2022-09-22,-0.014375333469860132,-0.01211273451121876,-0.014375333469860132,-0.00842758097968943
2022-09-23,-0.01745378073745784,-0.01571467869903563,-0.01745378073745784,-0.017232619015461026
2022-09-26,-0.014042446282616578,-0.014102951797426185,-0.014042446282616578,-0.010340526208282075
2022-09-27,-0.002778588248262167,-0.004769151509832266,-0.002778588248262167,-0.0021203598092424114
2022-09-28,0.02400073950054039,0.022158039090138717,0.02400073950054039,0.019672139926234733
2022-09-29,-0.018151927560607697,-0.01782521803108702,-0.018151927560607697,-0.021126437880238824
2022-09-30,-0.01183392535812915,-0.01135373754035874,-0.01183392535812915,-0.015066695771983274
2022-10-03,0.02909287836207522,0.028368479064202336,0.02909287836207522,0.025883894952576147
2022-10-04,0.03441956187797485,0.031354352719329764,0.03441956187797485,0.030583700679551518
2022-10-05,-0.003692181468789037,-0.004914804741165242,-0.003692181468789037,-0.002017948757084831
2022-10-06,-0.010931820178782532,-0.01278383297658522,-0.010931820178782532,-0.010245080846639998
2022-10-07,-0.024861343010587837,-0.023458734652088108,-0.024861343010587837,-0.028003617786773516
2022-10-10,-0.006398363776090573,-0.00437421052709856,-0.006398363776090573,-0.00749246363390188
2022-10-11,-0.00437233726448858,-0.0025857780766811254,-0.00437233726448858,-0.006519175777754405
2022-10-12,-0.006123238182343668,-0.0075576981156282716,-0.006123238182343668,-0.0032907731480149582
2022-10-13,0.023760658871088094,0.024279255802175354,0.023760658871088094,0.02596564246086497
2022-10-14,-0.023066372126002366,-0.021643098915259305,-0.023066372126002366,-0.02366266361565439
2022-10-17,0.0239403131240864,0.023104180476402225,0.0239403131240864,0.026480052302171098
2022-10-18,0.014366556097998091,0.014284615509456236,0.014366556097998091,0.011427569666488724
2022-10-19,-0.010461852532564465,-0.010551299734082899,-0.010461852532564465,-0.0066720972934503076
2022-10-20,-0.010198895469263409,-0.011561307018691996,-0.010198895469263409,-0.007950909706564868
2022-10-21,0.02448474450332161,0.02305421018470371,0.02448474450332161,0.02372481982226482
2022-10-24,0.010492308845393431,0.011036927830979098,0.010492308845393431,0.011881976654619875
2022-10-25,0.01963118299436751,0.018115329919530604,0.01963118299436751,0.016266654579669915
2022-10-26,0.0018368858093253868,0.002109839301018562,0.0018368858093253868,-0.007387716072364547
2022-10-27,0.0016874954990862973,0.002668886035589676,0.0016874954990862973,-0.006082610618211248
2022-10-28,0.021885874619542642,0.022622482203835833,0.021885874619542642,0.024626377895927698
2022-10-31,-0.0040946194942673535,-0.0042238414412021814,-0.0040946194942673535,-0.00745440410765752
2022-11-01,0.0020145361649791115,0.0015448959232239596,0.0020145361649791115,-0.004101230608784645
2022-11-02,-0.02388612488279532,-0.022020597960340834,-0.02388612488279532,-0.02500198485734284
2022-11-03,-0.004720120110380246,-0.004261846971281798,-0.004720120110380246,-0.010585992315429671
2022-11-04,0.016440706404173257,0.015292562173109495,0.016440706404173257,0.013618724670070526
2022-11-07,0.00805626530005113,0.007088784321140478,0.00805626530005113,0.009613981920559844
2022-11-08,0.006117397945598289,0.005915751317223715,0.006117397945598289,0.005597892802462701
2022-11-09,-0.017713821125335635,-0.01588124086138837,-0.017713821125335635,-0.02077788695478977
2022-11-10,0.05581759341267924,0.05102077958458532,0.05581759341267924,0.05543448436034493
2022-11-11,0.008807282273219214,0.004965778838148247,0.008807282273219214,0.009240746788147902
2022-11-14,-0.011360357702693748,-0.010655811231373977,-0.011360357702693748,-0.008935777048800997
2022-11-15,0.010538019402970361,0.009262045633189622,0.010538019402970361,0.008713116550319144
2022-11-16,-0.010786106529894954,-0.007430088183338009,-0.010786106529894954,-0.008252046497990273
2022-11-17,-0.005265929478118226,-0.004930079877205491,-0.005265929478118226,-0.0030893228355314273
2022-11-18,0.007666801287131599,0.008939345847187101,0.007666801287131599,0.00475858190881473
2022-11-21,-0.0005957722426181687,0.0012740828999838897,-0.0005957722426181687,-0.003883688698329779
2022-11-22,0.01295550638699059,0.01185897946199949,0.01295550638699059,0.013579987927526016
2022-11-23,0.004582591785707424,0.004233586759378195,0.004582591785707424,0.0059146891478476515
2022-11-25,0.0025959518459577613,0.0032037356787500216,0.0025959518459577613,-0.0002830441976333642
2022-11-28,-0.016574545010923643,-0.015687502740509292,-0.016574545010923643,-0.015444192913123267
2022-11-29,0.003037482978695981,0.002480540070842415,0.003037482978695981,-0.0015918653377758885
2022-11-30,0.02532088782464798,0.02401614667440479,0.02532088782464798,0.030947872397389053
2022-12-01,9.610008666961255e-05,3.016754993786205e-05,-0.00017271828326586425,-0.0008676332180498347
2022-12-02,-0.001182866459744717,-0.00044975179300421456,-0.000587355109562103,-0.001194660488065602
2022-12-05,-0.01897506145164509,-0.01767638198868995,-0.018382808237426315,-0.017894212283564803
2022-12-06,-0.010845467252152696,-0.00927745478775778,-0.010004216043004645,-0.014399194981406072
2022-12-07,-0.0014304736807619243,-0.0009714273436335001,-0.001127900625825529,-0.0018623708845491027
2022-12-08,0.007148234965418943,0.006554894073118579,0.006350097537236636,0.00752178195750397
2022-12-09,-0.007686340672656914,-0.007524472719566591,-0.0076279346773375604,-0.007349578247904498
2022-12-12,0.014261805877320646,0.013838255626354889,0.01396774004804335,0.014279296218109305
2022-12-13,0.006672389640930469,0.005409960290858969,0.00601292307950215,0.0072896644387934195
2022-12-14,-0.006582989201564443,-0.005987350359946405,-0.006139354415395664,-0.006052724634100337
2022-12-15,-0.022430699305644057,-0.02088255689819709,-0.021146258534539632,-0.024921675023714007
2022-12-16,-0.010912555737949152,-0.010719503198652756,-0.010788085172596771,-0.011137750774080746
2022-12-19,-0.008462970381598236,-0.00728721511727356,-0.007586291467250931,-0.009007516001852345
2022-12-20,0.0011772410149010557,0.001002202841148297,0.0013013834784615633,0.0010373383615349674
2022-12-21,0.014891969218138668,0.014379975950041392,0.0144663330628692,0.014867993802734736
2022-12-22,-0.010815392349601532,-0.009106759744709248,-0.009395315121834443,-0.01445169956861636
2022-12-23,0.006430237643965598,0.0064777177893719775,0.006770944250790874,0.005868102525282026
2022-12-27,0.0006211306279812407,0.0014741325019861523,0.0014802320680883958,-0.004049622110409712
2022-12-28,-0.013466612406060369,-0.012777616851369026,-0.013310590416177,-0.012020638322615351
2022-12-29,0.01679663668207375,0.014962393320991063,0.015380237355303982,0.01746133164481911
2022-12-30,-0.00419480243711445,-0.004777883381866356,-0.004365579714657522,-0.0025407424823445934
2023-01-03,-0.0013822214532750387,-0.0007452732271231343,-0.001257025009420536,-0.004000548879248611
2023-01-04,0.014038591489698823,0.012341006382165193,0.012741588148542352,0.007538970575044379
2023-01-05,-0.010794514965904892,-0.011402164329052028,-0.010596906203105678,-0.011645528874622113
2023-01-06,0.024776306387065742,0.024216243551347622,0.024216872244864476,0.02284078102943865
2023-01-09,0.0008056735673882768,-0.0011991253829445006,-0.0007445388718164337,-0.0007676325452631305
2023-01-10,0.007056033495273141,0.0059713216007536395,0.006363004475712008,0.006978233159061986
2023-01-11,0.011830735955941857,0.011209557339410148,0.011262478868024752,0.012849424614881588
2023-01-12,0.004207518118256192,0.0023464017585608466,0.00319581710555905,0.0034159058663651987
2023-01-13,0.0028856975328214168,0.002470802559309611,0.0025616168883159205,0.003996858363534361
2023-01-17,-0.0019477152836171571,-0.0027079994069943436,-0.0025778874607553077,-0.0020304911890052235
2023-01-18,-0.015127184686918503,-0.0158839999177952,-0.015462910148894764,-0.015562598500411085
2023-01-19,-0.010612976473426041,-0.009963346873400548,-0.009546958905072905,-0.007638350296294338
2023-01-20,0.017513039711782925,0.01550307361678284,0.016003551531795283,0.018918401045981525
2023-01-23,0.012087100567967433,0.009868758995351548,0.010206451022376392,0.01188134498366522
2023-01-24,-0.001391781323216681,-0.0004067431633353568,-0.0009246568723063845,-0.0007115031258156934
2023-01-25,0.002059119805627178,0.0017583411469731948,0.001939012274748372,-0.0001817250594663422
2023-01-26,0.008960112294782736,0.007233570313246375,0.008099715394564631,0.011007853469181317
2023-01-27,0.0006989869112603061,-3.34751805241445e-05,3.4170800434917816e-05,0.002494840970949097
2023-01-30,-0.010377656086352036,-0.008564538969258647,-0.009132500611668858,-0.012968740984683369
2023-01-31,0.016754675950422092,0.015943934821794403,0.015976833681921467,0.014642470285510134
2023-02-01,0.010958725796012024,0.008660951732980178,0.008836455134985176,0.010452303944590291
2023-02-02,0.010104496417325678,0.007395352715944487,0.0077935271716586246,0.014699373244309921
2023-02-03,-0.010721768672659308,-0.00974367780746803,-0.009862463434907402,-0.010354610691310495
2023-02-06,-0.00710845855870916,-0.005549246510675329,-0.006320649056681557,-0.006140463017754394
2023-02-07,0.008903077897478006,0.0072249102772412414,0.007718270668822599,0.01287251059802652
2023-02-08,-0.009497266009200912,-0.00886077878930258,-0.008925386585134497,-0.011080724476164705
2023-02-09,-0.008663378484566242,-0.008851068561991783,-0.009001415465056168,-0.00882979617773516
2023-02-10,0.003986391709556505,0.00538312321339985,0.005509970485640561,0.0021952617756952897
2023-02-13,0.010588203506428627,0.010104994820772678,0.00980542311978128,0.011448609342766147
2023-02-14,-0.0016301670156913272,-0.0034018243391739427,-0.0029651384312014504,-0.0002804145319874607
2023-02-15,0.005002292565927081,0.004719780016636867,0.004521968272010982,0.002773175690496066
2023-02-16,-0.010163178700989782,-0.009141429764779233,-0.00920856915213946,-0.013788741489130674
2023-02-17,-0.0018678809172160246,0.0005051489526455182,-0.0007337532510605273,-0.002767405825327751
2023-02-21,-0.02040264801765273,-0.0191638439887213,-0.019322950065475082,-0.020041234255327334
2023-02-22,-0.0014709721100457478,-0.0018184551458317352,-0.0016703171710596002,-0.0015735561458868341
2023-02-23,0.004711982452075377,0.0036687735649632916,0.003919756784095495,0.005329429416074394
2023-02-24,-0.008045011805242804,-0.007026085164862931,-0.0071704690190563655,-0.010537551485558128
2023-02-27,0.001340277527404191,0.0004451534858488498,0.0007041663104286366,0.0030730045671669703
2023-02-28,-0.0028352162699689315,-0.003612780511086934,-0.003234206217819409,-0.0030360018281855305
2023-03-01,-0.0018745260531153848,-0.0030942211871994208,-0.001955678505902827,-0.004725264845680033
2023-03-02,0.00811088147625497,0.007841486433173554,0.00811088147625497,0.0075821940867943916
2023-03-03,0.01316317624444269,0.012168309271225135,0.01316317624444269,0.0161477371607488
2023-03-06,-0.0038742025824048086,-0.0028867032224941204,-0.0038742025824048086,0.0006871667698291617
2023-03-07,-0.01575882842498502,-0.015786539272807293,-0.01575882842498502,-0.015326919115337678
2023-03-08,0.0027565918270180197,0.0022083108595516276,0.0027565918270180197,0.0014147940136839399
2023-03-09,-0.01947833471716838,-0.018028314383265832,-0.01947833471716838,-0.01845935787384867
2023-03-10,-0.020238339520642894,-0.018869557231899113,-0.020238339520642894,-0.01447813845705137
2023-03-13,-0.00755292843957136,-0.006106260557015615,-0.00755292843957136,-0.001509761003189447
2023-03-14,0.013942545446813425,0.01332462560619161,0.013942545446813425,0.016476655480623936
2023-03-15,-0.014034659720768403,-0.012143668985719894,-0.014034659720768403,-0.00698088356543769
2023-03-16,0.014298829083698717,0.012671706756548674,0.014298829083698717,0.017562006217166637
2023-03-17,-0.016196540599081925,-0.016112205832904156,-0.016196540599081925,-0.011019457310067593
2023-03-20,0.013195268776796245,0.013680488951359218,0.013195268776796245,0.008918403718310097
2023-03-21,0.01227816001072642,0.00970359157645335,0.01227816001072642,0.012982193897784988
2023-03-22,-0.020758393325065537,-0.020180971058733375,-0.020758393325065537,-0.01646322377571363
2023-03-23,-0.0021467742206778893,-0.00329566632147538,-0.0021467742206778893,0.0029845287333754023
2023-03-24,0.0073592465505561405,0.009422947837867481,0.0073592465505561405,0.005639807253104534
2023-03-27,0.005981750249424258,0.006145941914886855,0.005981750249424258,0.0016469543057482383
2023-03-28,0.00198178241876098,0.0022280795289038894,0.00198178241876098,-0.0015738434957162095
2023-03-29,0.01474424015328298,0.013683089114623657,0.01474424015328298,0.014237268879836451
2023-03-30,0.00477498869935744,0.004440462454506595,0.00477498869935744,0.005715269388667954
2023-03-31,0.014819358446524655,0.013938180652708954,0.014819358446524655,0.014436542471763847
2023-04-03,0.000944827110360618,0.0013077230695805976,0.000944827110360618,0.0036988464765423945
2023-04-04,-0.010202803226086455,-0.009202817280856375,-0.010202803226086455,-0.005796972083329965
2023-04-05,-0.0020728309496523645,2.8988747658407185e-05,-0.0020728309496523645,-0.002492370531228194
2023-04-06,0.00021125745962493676,0.0007518030133635525,0.00021125745962493676,0.0035791630944272956
2023-04-10,0.006237272669366274,0.004903886831928489,0.006237272669366274,0.0009963029974375814
2023-04-11,0.005647719103040161,0.005298544893139889,0.005647719103040161,-4.1352477946232646e-05
2023-04-12,-0.0042178008283113265,-0.0032578741456110666,-0.0042178008283113265,-0.004134884052006904
2023-04-13,0.007784763344013077,0.006957051987916364,0.007784763344013077,0.01326268999363811
2023-04-14,-0.0036266971954460525,-0.003935855552253072,-0.0036266971954460525,-0.0020693734728036706
2023-04-17,0.006444556943697468,0.0067002290364635946,0.006444556943697468,0.00330615690296554
2023-04-18,0.0014884935242401236,0.0009254025150156724,0.0014884935242401236,0.0008552202959737354
2023-04-19,-0.00030066713504204174,5.214189855409096e-05,-0.00030066713504204174,-8.42619976980652e-05
2023-04-20,-0.004821083706245184,-0.0038502883044375397,-0.004821083706245184,-0.00595254815297297
2023-04-21,-0.0004202523330268632,-5.8974430625809826e-05,-0.0004202523330268632,0.0009031888869577287
2023-04-24,0.0021123544975737906,0.0022121398659832522,0.0021123544975737906,0.0008515791660903549
2023-04-25,-0.016503651930141867,-0.013910460210609396,-0.016503651930141867,-0.015810858882773227
2023-04-26,-0.00915584546129581,-0.009861599762632433,-0.00915584546129581,-0.003841187197329843
2023-04-27,0.016504474831298195,0.016102806352148474,0.016504474831298195,0.01956614972249704
2023-04-28,0.010448525837856132,0.009217448371405654,0.010448525837856132,0.008253202753460531
2023-05-01,0.00010457470664018456,0.0006479212696602124,0.00010457470664018456,-0.0003861064902076494
2023-05-02,-0.01420038063813438,-0.013201197754429694,-0.01420038063813438,-0.011586262936400304
2023-05-03,-0.004941926793430107,-0.0052495673160732025,-0.004941926793430107,-0.006998305064656485
2023-05-04,-0.008280312214503873,-0.0070543056584740985,-0.008280312214503873,-0.007218732334382416
2023-05-05,0.017185689648620037,0.01592809637961693,0.017185689648620037,0.018474751389515376
2023-05-08,-0.0014607686798287585,-0.0019600017480754695,-0.0014607686798287585,0.0004521286642489297
2023-05-09,-0.003714024524430643,-0.0034308333515613793,-0.003714024524430643,-0.004579421277258522
2023-05-10,0.0003271127893275978,0.000719567119663577,0.0003271127893275978,0.004483965263404999
2023-05-11,-0.00436883350549754,-0.0040660706733517925,-0.00436883350549754,-0.0016966239932159066
2023-05-12,0.000633007750991892,0.00086317546794473,0.000633007750991892,-0.0015833068345566526
2023-05-15,0.005671595631266076,0.0036761893403060774,0.005671595631266076,0.0029581644391338813
2023-05-16,-0.013345338940070627,-0.013259091485044951,-0.013345338940070627,-0.006377683373153031
2023-05-17,0.012664244488656266,0.010684434976528365,0.012664244488656266,0.011890829058788244
2023-05-18,0.008137756539537817,0.006293712073922502,0.008137756539537817,0.009445048649426635
2023-05-19,-0.0031537439383533634,-0.0023548161252374194,-0.0031537439383533634,-0.0014458676054706077
2023-05-22,0.0018372396828907596,0.0008305576158238008,0.0018372396828907596,0.0001550346964389604
2023-05-23,-0.011295492462565006,-0.010826843881460387,-0.011295492462565006,-0.011222026747550129
2023-05-24,-0.010566686629655538,-0.010331159303633236,-0.010566686629655538,-0.007318600335353365
2023-05-25,0.002293897817417949,3.1147893582676256e-05,0.002293897817417949,0.008757581265902425
2023-05-26,0.010223003527947073,0.007791000572660135,0.010223003527947073,0.01304908677799732
2023-05-30,-0.0011591690222164672,-0.001668054082443463,-0.0011591690222164672,1.660326849850513e-05
2023-05-31,-0.008478089137242852,-0.0068793779937240335,-0.008478089137242852,-0.006108624209833935
2023-06-01,0.007833113806107862,0.006599128297788958,0.007833113806107862,0.009854453563032717
2023-06-02,0.021390870207567116,0.020697126671667045,0.021390870207567116,0.014534424705965554
2023-06-05,-0.0037936525969692082,-0.0033085897400140906,-0.0037936525969692082,-0.0020035816359177394
2023-06-06,0.006857235594374297,0.004984436623891579,0.006857235594374297,0.0023538963079141606
2023-06-07,0.0076162630398868315,0.0073686260528617615,0.0076162630398868315,-0.0038120096998572883
2023-06-08,0.0010536904930588168,0.001382845154245394,0.0010536904930588168,0.0061886426142414575
2023-06-09,-0.0013082784326379315,-0.0012235703700683325,-0.0013082784326379315,0.001148059539441082
2023-06-12,0.0065425884966301565,0.005225391142448176,0.0065425884966301565,0.009321148810237156
2023-06-13,0.009692456279128297,0.008599440667485152,0.009692456279128297,0.006932489951473775
2023-06-14,-0.0011120749992272584,-0.0012082645635554164,-0.0011120749992272584,0.0008194255259321714
2023-06-15,0.011898913823049972,0.012065896886810396,0.011898913823049972,0.01217813742034668
2023-06-16,-0.001079192578458796,-0.0003556374126556691,-0.001079192578458796,-0.0036716195284263176
2023-06-20,-0.008489782486489012,-0.008511062670351793,-0.008489782486489012,-0.0047351076976228645
2023-06-21,-0.0009026704373997599,0.0002156852045095946,-0.0009026704373997599,-0.005245281583003636
2023-06-22,-0.0037351881971435484,-0.00339133984198656,-0.0037351881971435484,0.003710798414438443
2023-06-23,-0.008483854974488681,-0.008273458387722006,-0.008483854974488681,-0.007658808766684566
2023-06-26,0.005221892419983054,0.0053012658668036994,0.005221892419983054,-0.004486838293256468
2023-06-27,0.012814361061283901,0.011005396842174053,0.012814361061283901,0.011455854954693034
2023-06-28,-0.0015173604353435747,-0.0026627455657865554,-0.0015173604353435747,-0.00035407668843834283
2023-06-29,0.007970584892205214,0.008040454271974794,0.007970584892205214,0.004473544672805918
2023-06-30,0.009638974209137695,0.009352423352847361,0.009638974209137695,0.012269004495714109
2023-07-03,0.0028864028934334944,0.0022767427941028,0.0028864028934334944,0.0011706778016009611
2023-07-05,-0.004244750994794486,-0.003414078457052885,-0.004244750994794486,-0.0019683184132291975
2023-07-06,-0.008388654954799055,-0.007588626578115079,-0.008388654954799055,-0.007922511336500904
2023-07-07,0.0019917428248931593,0.0002188509290077357,0.0019917428248931593,-0.0028651005386203243
2023-07-10,0.00829056164251903,0.007151263358365748,0.00829056164251903,0.002405026057131332
2023-07-11,0.010450648757479673,0.00977915770137592,0.010450648757479673,0.0067422110558885695
2023-07-12,0.00457205657262853,0.003845597955334369,0.00457205657262853,0.007411233485312474
2023-07-13,0.005896442143362225,0.004904141702587461,0.005896442143362225,0.008470153458069118
2023-07-14,-0.005491680447440066,-0.004146216386683058,-0.005491680447440066,-0.0010244071333035398
2023-07-17,0.0020635369680579406,0.0011312855622595825,0.0020635369680579406,0.0038553825145495324
2023-07-18,0.006232201688880064,0.004954125659473433,0.006232201688880064,0.007117275205842377
2023-07-19,0.0042387659106983755,0.004592674800628062,0.0042387659106983755,0.002357910335732072
2023-07-20,-0.0008236397713136494,0.0017783820941189743,-0.0008236397713136494,-0.006756896218903741
2023-07-21,0.0019105983213473132,0.002482223907164239,0.0019105983213473132,0.0003240945218980773
2023-07-24,0.0026181684158260088,0.0024178011330057932,0.0026181684158260088,0.004034153877153557
2023-07-25,0.001720813382086626,0.0012358928678707294,0.001720813382086626,0.002814673351556163
2023-07-26,0.001667842348252803,0.0013886985973534554,0.001667842348252803,-0.00015543889679858758
2023-07-27,-0.008140152362348376,-0.008846495928780604,-0.008140152362348376,-0.006424666064487883
2023-07-28,0.005553260499082032,0.004366723559136598,0.005553260499082032,0.009877842794752345
2023-07-31,0.002889385414790085,0.0020022054426331653,0.002889385414790085,0.0014687129405193122
2023-08-01,-0.002748389651399856,-0.002626647717599238,-0.002748389651399856,-0.002665087639215691
2023-08-02,-0.008164577572986772,-0.005860840964209495,-0.008164577572986772,-0.013839541336347905
2023-08-03,-0.003254690918642634,-0.0039446602312783186,-0.003254690918642634,-0.0025479738404268204
2023-08-04,-0.004465488322285461,-0.005344107174091817,-0.004465488322285461,-0.005300074155050516
2023-08-07,0.009952288376643071,0.009706545583961886,0.009952288376643071,0.00902409277936278
2023-08-08,-0.005535558551453321,-0.0052554784467706535,-0.005535558551453321,-0.004218283044793103
2023-08-09,-0.0028314985889381565,-0.00155300817815733,-0.0028314985889381565,-0.007038730380597102
2023-08-10,-0.0009611322085584005,-0.0010840040011836627,-0.0009611322085584005,0.00025071394456976925
2023-08-11,0.00023611208935560415,0.001291311610921956,0.00023611208935560415,-0.0010696923700230787
2023-08-14,0.0008608692993808506,0.00016298116062259994,0.0008608692993808506,0.005750475751703066
2023-08-15,-0.012827253627799214,-0.012273300089960954,-0.012827253627799214,-0.011550909428841738
2023-08-16,-0.0074733870814179485,-0.005914470796788104,-0.0074733870814179485,-0.007555395210577687
2023-08-17,-0.008331519687303082,-0.008128928695137445,-0.008331519687303082,-0.007712913029036983
2023-08-18,0.0016979756792159816,0.0018740168604266894,0.0016979756792159816,-0.00014870682600087726
2023-08-21,-6.811741658937462e-05,-0.0008909447599199648,-6.811741658937462e-05,0.006879188518795987
2023-08-22,-0.0032705005644363544,-0.0030309910306347693,-0.0032705005644363544,-0.002777466728829614
2023-08-23,0.00905628065763743,0.008307643557218641,0.00905628065763743,0.011044879965972587
2023-08-24,-0.009921808409109462,-0.008674521517094986,-0.009921808409109462,-0.013457974663146133
2023-08-25,0.005364109691212051,0.005669341417053102,0.005364109691212051,0.006717966037625089
2023-08-28,0.0071595223251437546,0.006528999029100037,0.0071595223251437546,0.006264619755036449
2023-08-29,0.01126370032942873,0.009761344920698467,0.01126370032942873,0.01450830719454621
2023-08-30,0.0026101336774750697,0.002207860888852604,0.0026101336774750697,0.003833182103508026
2023-08-31,-0.002563583632293374,-0.00367382652497247,-0.002563583632293374,-0.0015969365120942491
2023-09-01,0.003470840247539793,0.002740569071701378,0.003470840247539793,0.0017991292600010311
2023-09-05,-0.011477155737173306,-0.01187278872023249,-0.011477155737173306,-0.004194177587506065
2023-09-06,-0.0028360138729618747,-0.0026542074871163867,-0.0028360138729618747,-0.006971599351452862
2023-09-07,-0.003271639974167146,-0.0015013234336133515,-0.003271639974167146,-0.0032112659361860363
2023-09-08,0.0006119673366018511,0.0007494843677425077,0.0006119673366018511,0.0014266227216406246
2023-09-11,0.002313965175740468,0.0023480388085928916,0.002313965175740468,0.006723453106275201
2023-09-12,-0.0018635774289865034,-0.001483045592509208,-0.0018635774289865034,-0.005695885604828921
2023-09-13,-0.0028866146558455983,-0.001988067763198669,-0.0028866146558455983,0.0012416323054647016
2023-09-14,0.01099149809971137,0.010656182427618571,0.01099149809971137,0.00842991886716793
2023-09-15,-0.008922413756596678,-0.008185567807794482,-0.008922413756596678,-0.012159612938677844
2023-09-18,-0.0007873854139810045,-0.00025899215513914886,-0.0007873854139810045,0.0007212876971294246
2023-09-19,-0.0019545305671885417,-0.0018055566069643094,-0.0019545305671885417,-0.002151010615372817
2023-09-20,-0.003713722594373327,-0.0025535995838815062,-0.003713722594373327,-0.0093947947580596
2023-09-21,-0.017451743194452578,-0.016484950106157865,-0.017451743194452578,-0.01640093410321941
2023-09-22,-0.0029780289631084495,-0.0029275191506584353,-0.0029780289631084495,-0.002295598477193961
2023-09-25,0.002846402857372938,0.0022778135010154497,0.002846402857372938,0.0040230650909416354
2023-09-26,-0.014146634429557693,-0.013988869714315028,-0.014146634429557693,-0.014734533990868215
2023-09-27,0.00093105187764379,-0.0003664679451703628,0.00093105187764379,0.00022931406074522265
2023-09-28,0.007325520277002707,0.006110472077903436,0.007325520277002707,0.005893173970516585
2023-09-29,-0.0036172631066049817,-0.003915369579186676,-0.0036172631066049817,-0.002709582086142026
2023-10-02,-0.010605913875259687,-0.010899274732603935,-0.010605913875259687,7.936755559079245e-05
2023-10-03,-0.012414630916798713,-0.010514251335450735,-0.012414630916798713,-0.013744071674259506
2023-10-04,0.006508274189094687,0.006665948022909467,0.006508274189094687,0.008109754957160709
2023-10-05,-0.0028572830853242238,-0.0031126225330957973,-0.0028572830853242238,-0.001304030159777203
2023-10-06,0.008782222998924283,0.007892850425135657,0.008782222998924283,0.011814893014644445
2023-10-09,0.007556728261986034,0.0079320453908885,0.007556728261986034,0.00630385429964031
2023-10-10,0.007633819339597561,0.00686669452367652,0.007633819339597561,0.005207990781392224
2023-10-11,0.0025160441580002156,0.0023706668470007885,0.0025160441580002156,0.00429300817103373
2023-10-12,-0.012543000291913922,-0.01229230235374251,-0.012543000291913922,-0.00624643434611849
2023-10-13,-0.002380930088014589,-0.0007844598730889291,-0.002380930088014589,-0.005018858888767519
2023-10-16,0.012437155129045198,0.011822484237264438,0.012437155129045198,0.01059436938392988
2023-10-17,0.004482416058363067,0.003967377626462354,0.004482416058363067,-9.824505308242415e-05
2023-10-18,-0.015879918777619045,-0.014285771158276818,-0.015879918777619045,-0.013399820506516447
2023-10-19,-0.011752849149117799,-0.011076703540690548,-0.011752849149117799,-0.008482848196321058
2023-10-20,-0.01189850401457224,-0.010708597523881438,-0.01189850401457224,-0.012585283719027562
2023-10-23,-0.005645097870005935,-0.005957296887611245,-0.005645097870005935,-0.0016855698941634634
2023-10-24,0.006994642256484479,0.007218197463960469,0.006994642256484479,0.007265792222727274
2023-10-25,-0.011173323769847004,-0.00871622807521121,-0.011173323769847004,-0.014339628627712542
2023-10-26,-0.0009731960024053928,-0.0004526098376136047,-0.0009731960024053928,-0.011832519778109618
2023-10-27,-0.010410365507324533,-0.011304086846361017,-0.010410365507324533,-0.004800280229768528
2023-10-30,0.007953074828827185,0.008493737626996631,0.007953074828827185,0.012010022325859904
2023-10-31,0.009228904962223705,0.00905676308458924,0.009228904962223705,0.006474957307233353
2023-11-01,0.005617244543324053,0.005246865978036061,0.005617244543324053,0.010505999486313922
2023-11-02,0.021564906937654615,0.020134058954130944,0.021564906937654615,0.01885855702012762
2023-11-03,0.01650626378988357,0.014534936488835266,0.01650626378988357,0.009393730253031363
2023-11-06,-0.005669422890484009,-0.004314460137343443,-0.005669422890484009,0.0017529924220356374
2023-11-07,-0.0013051616568895666,-0.0016259622557990188,-0.0013051616568895666,0.0028401189192852616
2023-11-08,-0.001235950701250088,-0.0011412547170193215,-0.001235950701250088,0.0010049156221052513
2023-11-09,-0.008410823167744556,-0.007694558429151097,-0.008410823167744556,-0.008083839306732843
2023-11-10,0.011984663356949317,0.011162869387095015,0.011984663356949317,0.015616441094852496
2023-11-13,-0.0013931168743267796,-0.0012356420712774192,-0.0013931168743267796,-0.0008358389332403515
2023-11-14,0.028423066680322975,0.02540288940873236,0.028423066680322975,0.019075017703661823
2023-11-15,0.003741930496599366,0.0027284184221790233,0.003741930496599366,0.0015970120755575135
2023-11-16,-0.0025598421231696413,-0.0016357979030814877,-0.0025598421231696413,0.0011904273935798848
2023-11-17,0.005015093587923415,0.0040424925192111575,0.005015093587923415,0.0012820490603360213
2023-11-20,0.0045418050841294026,0.00368138473564467,0.0045418050841294026,0.007390278097329839
2023-11-21,-0.0015068897792003494,-0.0003635444607829562,-0.0015068897792003494,-0.0020209310950652926
2023-11-22,0.004778228627065615,0.004881828513184816,0.004778228627065615,0.00406112922094648
2023-11-24,0.003425377211461859,0.003341139301203791,0.003425377211461859,0.0005968736678840791
2023-11-27,-0.0019034432577734344,-0.0021020831179020924,-0.0019034432577734344,-0.001954157460090089
2023-11-28,-0.0013082821028235602,-0.0014888255315735062,-0.0013082821028235602,0.0009801185306033133
2023-11-29,0.003823728397903984,0.0021943318226839118,0.003823728397903984,-0.0009462486392383118
2023-11-30,0.007857441243543744,0.008689960822817672,0.007857441243543744,0.0037840728581564065
2023-12-01,0.01485905920812546,0.01333735341980965,0.01485905920812546,0.005873742123607695
2023-12-04,-0.00023548042179564137,9.8454377987335e-05,-0.00023548042179564137,-0.005408509126972105
2023-12-05,-0.008038594016506601,-0.00748118323425732,-0.008038594016506601,-0.0005688697261614362
2023-12-06,0.00020939697430901697,0.0004849047459301925,0.00020939697430901697,-0.003906202808869552
2023-12-07,0.0055564730940844825,0.004242700063699895,0.0055564730940844825,0.007968189065892917
2023-12-08,0.003492426164118525,0.002305732553109607,0.003492426164118525,0.00409549786994079
2023-12-11,0.008568883972520246,0.008892095453350778,0.008568883972520246,0.003924494286698943
2023-12-12,0.002433271282127682,0.0029512565089407404,0.002433271282127682,0.00459935752021523
2023-12-13,0.020035203935833988,0.01896936930855273,0.020035203935833988,0.013650676351045998
2023-12-14,0.012711382319383763,0.008144486457069888,0.012711382319383763,0.0026470624846992585
2023-12-15,-0.006176661781993678,-0.006720020887399733,-0.006176661781993678,-7.62494933082003e-05
2023-12-18,0.0008983676363916406,0.0015266350379514405,0.0008983676363916406,0.004528344366900416
2023-12-19,0.008042220842670224,0.007012811213554446,0.008042220842670224,0.005866407818910568
2023-12-20,-0.01655654536679464,-0.015715940785091663,-0.01655654536679464,-0.014684266911006771
2023-12-21,0.011579506110167611,0.010440739695923882,0.011579506110167611,0.010301467821202559
2023-12-22,0.0031169873561224335,0.0035394801349739233,0.0031169873561224335,0.0016600585268868873
2023-12-26,0.006041573508126232,0.0055020813539545955,0.006041573508126232,0.0042316894655107795
2023-12-27,0.001538099366780409,0.0015470016504830733,0.001538099366780409,0.0014304577464787638
2023-12-28,0.001788788337685822,0.0019970365727799257,0.001788788337685822,0.0003701746080437829
2023-12-29,-0.003404801056217004,-0.002407983632000309,-0.003404801056217004,-0.0028264750133749628
2024-01-02,-0.0011602301825373552,0.00032776933156691607,-0.0011602301825373552,-0.005660579005492328
2024-01-03,-0.012947567348648114,-0.011028440482443842,-0.012947567348648114,-0.008016314922730805
2024-01-04,-0.0009515818275424149,-0.0008666796717128821,-0.0009515818275424149,-0.0034283812973570083
2024-01-05,0.002290746997489242,0.0016001238525843171,0.002290746997489242,0.0018256861788026324
2024-01-08,0.010794051971415777,0.009716436159386898,0.010794051971415777,0.014114629309846638
2024-01-09,-0.0046757017479483465,-0.004424052689116803,-0.0046757017479483465,-0.0014779006799081618
2024-01-10,0.0025080336384289683,0.002318980409196819,0.0025080336384289683,0.00566597189372442
2024-01-11,-0.002201817375710212,-0.002332192926783919,-0.002201817375710212,-0.0006710555783868699
2024-01-12,-0.0005041197548540877,0.0006532509231053176,-0.0005041197548540877,0.0007509755941104146
2024-01-16,-0.005750039568669856,-0.005510311049374035,-0.005750039568669856,-0.0037313402367431525
2024-01-17,-0.007392281498452628,-0.006634538758311196,-0.007392281498452628,-0.005616897183990499
2024-01-18,0.005545976582667251,0.005061039949756373,0.005545976582667251,0.008805260963896
2024-01-19,0.00914954604324021,0.00763352158677624,0.00914954604324021,0.012313502764936146
2024-01-22,0.004373132838520072,0.0035639388559156335,0.004373132838520072,0.0021943252026270788
2024-01-23,0.0006100131760174119,0.0007782817754053236,0.0006100131760174119,0.002921374261968035
2024-01-24,-0.004598726184045961,-0.005580707824514983,-0.004598726184045961,0.0008119284117831249
2024-01-25,0.00917663743487719,0.00924342821223188,0.00917663743487719,0.005260365527706368
2024-01-26,-1.3672461206313863e-05,0.0002664644748674675,-1.3672461206313863e-05,-0.0006517852510764532
2024-01-29,0.006078419447995795,0.005295432898305611,0.006078419447995795,0.007556774896180896
2024-01-30,0.0015904644391526285,0.002379154797686158,0.0015904644391526285,-0.0006006499345398986
2024-01-31,-0.012394262367333288,-0.011440466569777525,-0.012394262367333288,-0.016105744611597972
2024-02-01,0.011459533150179637,0.011639317444030422,0.011459533150179637,0.012493688211609788
2024-02-02,-0.0004909242016914401,-0.00116351810913036,-0.0004909242016914401,0.01068444607751462
2024-02-05,-0.008185198177941569,-0.008576727480576325,-0.008185198177941569,-0.0031863375266721894
2024-02-06,0.0061078864228401005,0.0058778370697711605,0.0061078864228401005,0.0023104108269635937
2024-02-07,0.004936055376948573,0.00447992988494776,0.004936055376948573,0.008241457963390042
2024-02-08,0.0031727640393513267,0.0021271692166310537,0.0031727640393513267,0.0005705832608251526
2024-02-09,0.002614985092977443,0.002201960229903916,0.002614985092977443,0.0057423415255595245
2024-02-12,0.005100048374474717,0.004446356692477496,0.005100048374474717,-0.0009489536011326738
2024-02-13,-0.01587733162210112,-0.014303349999641092,-0.01587733162210112,-0.013674255653625456
2024-02-14,0.010298624892665094,0.00865963409709289,0.010298624892665094,0.009579763275017639
2024-02-15,0.010926113864918176,0.01047319982771094,0.010926113864918176,0.005821250684729495
2024-02-16,-0.004531590817724184,-0.0035597180159284572,-0.004531590817724184,-0.0048034698371121065
2024-02-20,-0.003365071236420005,-0.0021740577650729573,-0.003365071236420005,-0.006005322001165325
2024-02-21,0.0028399772681411747,0.00401574249073776,0.0028399772681411747,0.001264199922982101
2024-02-22,0.012005055933818287,0.010336920960697306,0.012005055933818287,0.02112288421741404
2024-02-23,0.001929541982775146,0.0030333264088450193,0.001929541982775146,0.0003479475462115911
2024-02-26,-0.003992443713350992,-0.004473351181490807,-0.003992443713350992,-0.003786751350190576
2024-02-27,0.00394675855646374,0.0031868655629386008,0.00394675855646374,0.0017063496993998672
2024-02-28,0.0008393802102255897,0.001342532548498627,0.0008393802102255897,-0.001658155060430544
2024-02-29,0.006207951042777981,0.004659251619871288,0.006207951042777981,0.005229094697149161
2024-03-01,0.005496992958411796,0.0041747492068432085,0.005496992958411796,0.00800782894888763
2024-03-04,0.003474654419844212,0.003380982723880143,0.003474654419844212,-0.0011932620709189656
2024-03-05,-0.005880368712118667,-0.005514909990300791,-0.005880368712118667,-0.010193100883444606
2024-03-06,0.0063659876247840735,0.006271033352720154,0.0063659876247840735,0.005141103203274655
2024-03-07,0.007766882967315426,0.006723174984267459,0.007766882967315426,0.010304127925951478
2024-03-08,-0.0021771067937596668,-0.001416370638958307,-0.0021771067937596668,-0.0065285190034379825
2024-03-11,0.0013365394156896891,0.0018877613507757886,0.0013365394156896891,-0.001122238087346461
2024-03-12,0.0034494898027958142,0.002989570518474049,0.0034494898027958142,0.011201787981366396
2024-03-13,0.0008865320320503685,0.0008065550296741774,0.0008865320320503685,-0.0019245297153407392
2024-03-14,-0.00873170139800564,-0.0076555513541518684,-0.00873170139800564,-0.0028710915621273925
2024-03-15,-0.0018011851049537057,-0.00143386555008948,-0.0018011851049537057,-0.006482917484461503
2024-03-18,0.002513696759592003,0.0024448771180298435,0.002513696759592003,0.006318059504952345
2024-03-19,0.005700776156902379,0.0063152663429601776,0.005700776156902379,0.0056491496501236416
2024-03-20,0.008603174041149724,0.007047194531859396,0.008603174041149724,0.008904173912846591
2024-03-21,0.0074605131128761045,0.006220127807251926,0.0074605131128761045,0.0032365354015160275
2024-03-22,-0.005969199324951485,-0.005435617996675013,-0.005969199324951485,-0.0014021878490156903
2024-03-25,-0.002237157699007485,-0.0028074464317704574,-0.002237157699007485,-0.0030549644525015296
2024-03-26,-0.001765789457367605,-0.0014524902165426205,-0.001765789457367605,-0.002799795225030266
2024-03-27,0.015543090082824094,0.015083351963174627,0.015543090082824094,0.008630626525532925
2024-03-28,0.004189158981764149,0.003981197674824357,0.004189158981764149,0.0011164855071790214
2024-04-01,-0.005351673929320539,-0.005933868818004534,-0.005351673929320539,-0.0020135845401164643
2024-04-02,-0.008746260439749133,-0.0074988237223149136,-0.008746260439749133,-0.0072390590731691296
2024-04-03,0.0016017991812575763,0.0005671204600557917,0.0016017991812575763,0.001091122364688113
2024-04-04,-0.010469561897320043,-0.009765987849951944,-0.010469561897320043,-0.012334336350379616
2024-04-05,0.0072426827455728555,0.0068810677522119935,0.0072426827455728555,0.011099194174331695
2024-04-08,0.0022322062758424505,0.0017158785018161569,0.0022322062758424505,-0.00037463099831791524
2024-04-09,0.0028880696752353937,0.0024884342784690216,0.0028880696752353937,0.0014454931932483817
2024-04-10,-0.01593611729954665,-0.015016289524405172,-0.01593611729954665,-0.009456980649108493
2024-04-11,-0.00047146847219512714,-0.002254352329148852,-0.00047146847219512714,0.007444797710585593
2024-04-12,-0.015079356383997974,-0.013428359051091252,-0.015079356383997974,-0.01455068829580164
2024-04-15,-0.009016676305228606,-0.008212934727286427,-0.009016676305228606,-0.01202135494776202
2024-04-16,-0.005135557041538037,-0.004954254194989712,-0.005135557041538037,-0.0020565070133361507
2024-04-17,-0.002376072306258621,-0.0015508666127252643,-0.002376072306258621,-0.005780602724641426
2024-04-18,-0.0008723193485275641,-0.00023478954112418095,-0.0008723193485275641,-0.002208160119998248
2024-04-19,0.0026788267006558506,0.004644658012661166,0.0026788267006558506,-0.00875854812743615
2024-04-22,0.008118007381367684,0.007856789750028183,0.008118007381367684,0.008731248071466746
2024-04-23,0.009086137429384283,0.007974911093119885,0.009086137429384283,0.011964576270872662
2024-04-24,0.0019744824349737363,0.001847394835187534,0.0019744824349737363,0.0002130100613548791
2024-04-25,-0.0023268506314312034,-0.0024665254884582545,-0.0023268506314312034,-0.004576430353515626
2024-04-26,0.0013171097967746596,-2.4697755569799825e-05,0.0013171097967746596,0.01020914263474304
2024-04-29,0.006549240305332052,0.006178179773968796,0.006549240305332052,0.0031784486665891176
2024-04-30,-0.014252067811081298,-0.013049041950942955,-0.014252067811081298,-0.01573051358686217
2024-05-01,-0.0034356206162549805,-0.002402591971549634,-0.0034356206162549805,-0.0034354388154940185
2024-05-02,0.006810448447290285,0.005232068316364273,0.006810448447290285,0.009128437077573048
2024-05-03,0.006823239468422566,0.006537826262849158,0.006823239468422566,0.012556739721478527
2024-05-06,0.008579901527222426,0.007509657178223947,0.008579901527222426,0.01032612390701182
2024-05-07,0.0026912937295195272,0.0038777577940367286,0.0026912937295195272,0.0013434298232750663
2024-05-08,-0.0007991099020347844,-0.0005174439749442768,-0.0007991099020347844,-5.835618166138978e-06
2024-05-09,0.009235359207374007,0.009256635198770562,0.009235359207374007,0.005090947698625836
2024-05-10,0.002403641217716187,0.0027265772078987364,0.002403641217716187,0.001649398844549843
2024-05-13,-0.001222721480928302,-0.0015285074407862735,-0.001222721480928302,-0.00024130405535727206
2024-05-14,0.004254252064324235,0.00311949444792541,0.004254252064324235,0.004837813139759728
2024-05-15,0.009114433101966064,0.008114575495651921,0.009114433101966064,0.011715927882596233
2024-05-16,-0.0016457159872327945,-0.0007987065115999738,-0.0016457159872327945,-0.0020816677921287052
2024-05-17,0.0014662483896809313,0.0017579401449932825,0.0014662483896809313,0.0011647735102702228
2024-05-20,-0.00014669585863842684,-0.0013842073311811601,-0.00014669585863842684,0.0009163899374069473
2024-05-21,-0.0007549343439214053,-0.00042320500627851,-0.0007549343439214053,0.002501874243978186
2024-05-22,-0.003965113111434149,-0.0035184835728536688,-0.003965113111434149,-0.002706123039226127
2024-05-23,-0.013461006933719686,-0.013345994127352257,-0.013461006933719686,-0.0073807894850155265
2024-05-24,0.0066543697425919795,0.00545159684017802,0.0066543697425919795,0.0070010425881694704
2024-05-28,-0.0071947085879571025,-0.008487428192607614,-0.0071947085879571025,0.0002488018529340774
2024-05-29,-0.011262147423454754,-0.0106903068877137,-0.011262147423454754,-0.007367046509680453
2024-05-30,0.004208843229608947,0.004909995929092401,0.004208843229608947,-0.005975035585443322
2024-05-31,0.012690294774192333,0.013889386273406499,0.012690294774192333,0.00802787620486467
2024-06-03,-0.0043715612983023485,-0.004782840379215944,-0.0043715612983023485,0.0011160825806737495
2024-06-04,-0.002529428813051456,-0.0011767066455085594,-0.002529428813051456,0.0015028090913065117
2024-06-05,0.006299747603057468,0.004800797211282778,0.006299747603057468,0.011847649793331305
2024-06-06,-0.0028236966179692917,-0.0023314278157496983,-0.0028236966179692917,-0.00019981663563317653
2024-06-07,-0.0029779003624253383,-0.002550979678067525,-0.0029779003624253383,-0.0011152197300303701
2024-06-10,0.0034577123750981946,0.002761209450912277,0.0034577123750981946,0.0025808546645145203
2024-06-11,-0.0039836058407984355,-0.0037419513385858437,-0.0039836058407984355,0.0027103813151374556
2024-06-12,0.006432490312857057,0.004747226548415169,0.006432490312857057,0.008503672791998707
2024-06-13,-0.002359212836609015,-0.002146691487888769,-0.002359212836609015,0.0023446558536817097
2024-06-14,-0.006441874975787047,-0.005425253990280791,-0.006441874975787047,-0.000393860697500914
2024-06-17,0.007428154843365153,0.007435043010541678,0.007428154843365153,0.007664386564552705
2024-06-18,0.0028082963630011236,0.0030462875293879805,0.0028082963630011236,0.0025213273947457537
2024-06-20,0.0007856285716022236,0.0015312251693279763,0.0007856285716022236,-0.0025259318472709014
2024-06-21,0.0016055119877669945,0.0014749111668940081,0.0016055119877669945,-0.001562130321101196
2024-06-24,0.004509969834008189,0.005542396613182114,0.004509969834008189,-0.003065171894990004
2024-06-25,-0.0063858072954034876,-0.007126352698354141,-0.0063858072954034876,0.003933590015736899
2024-06-26,-0.003427384191544281,-0.003805103575755262,-0.003427384191544281,0.0015724312002203256
2024-06-27,0.0015733009731564473,0.001090850019088953,0.0015733009731564473,0.0009073212238914774
2024-06-28,0.0004434018571942902,0.00018529132550816008,0.0004434018571942902,-0.004083652583445674
2024-07-01,-0.00709862774556048,-0.006940941703173273,-0.00709862774556048,0.0026755639309195
2024-07-02,0.004361973988088929,0.003993098807021325,0.004361973988088929,0.006195317856513505
2024-07-03,0.0009390690446179355,0.00014765259923966807,0.0009390690446179355,0.005084444409779065
2024-07-05,-0.0006090030205275041,-0.0002573807794430875,-0.0006090030205275041,0.005448765178485582
2024-07-08,0.0018016572939938654,0.0010206128104755811,0.0018016572939938654,0.0010166989647510949
2024-07-09,-0.0018489361419158435,-0.0017075296144163253,-0.0018489361419158435,0.0007410719362856977
2024-07-10,0.009350210909078166,0.009095638653473358,0.009350210909078166,0.010208065293514812
2024-07-11,0.011257240287360066,0.011166743835571482,0.011257240287360066,-0.008763028841120457
2024-07-12,0.00827878750290816,0.007815390271880442,0.00827878750290816,0.0055170270744306915
2024-07-15,0.0010741253154266611,0.001209064338756374,0.0010741253154266611,0.0028262026252154904
2024-07-16,0.016986290722851505,0.016230585509999586,0.016986290722851505,0.006389375498743188
2024-07-17,-0.004722000927237777,-0.0015970532611144922,-0.004722000927237777,-0.013927543241993745
2024-07-18,-0.008329022951930042,-0.007941054371324589,-0.008329022951930042,-0.007816403936922511
2024-07-19,-0.00625551031229849,-0.006333162265843678,-0.00625551031229849,-0.007140265531926926
2024-07-22,0.009385586314702361,0.008421892315362393,0.009385586314702361,0.01079203564940956
2024-07-23,-0.0033559913325700566,-0.003643610549365449,-0.0033559913325700566,-0.001558102589770738
2024-07-24,-0.011463707724670594,-0.009337982782291032,-0.011463707724670594,-0.02314909375473495
2024-07-25,0.000823184085933841,0.0017829327990934965,0.000823184085933841,-0.005142620237842288
2024-07-26,0.014502623019032778,0.014236481749368805,0.014502623019032778,0.011090468702846357
2024-07-29,0.0012066074598512853,0.0014044443109006094,0.0012066074598512853,0.0008133101292933098
2024-07-30,0.004087545698574052,0.004817280623090059,0.004087545698574052,-0.004960171878030217
2024-07-31,0.004521603931890475,0.0028960652076637796,0.004521603931890475,0.0157933986591674
2024-08-01,-0.010522830980673283,-0.0072411269655889825,-0.010522830980673283,-0.013693502993456064
2024-08-02,-0.01837788124849344,-0.014812463305433315,-0.01837788124849344,-0.018381860868696753
2024-08-05,-0.024226990361036514,-0.024128309639984725,-0.024226990361036514,-0.02996879838863975
2024-08-06,0.010605552465286279,0.01006473226366808,0.010605552465286279,0.010354085880061037
2024-08-07,-0.007295665595437917,-0.005512124258120593,-0.007295665595437917,-0.007734647858502863
2024-08-08,0.01943953692976226,0.01700327752792055,0.01943953692976226,0.023042611519136447
2024-08-09,0.001783485311073149,0.0020209145960598403,0.001783485311073149,0.004671676849538509
2024-08-12,-0.0038554580629821316,-0.003998364628607436,-0.0038554580629821316,4.303397765514916e-05
2024-08-13,0.011662053277989044,0.00975738380474883,0.011662053277989044,0.016847579753558328
2024-08-14,0.002606329687752108,0.0032832782251717516,0.002606329687752108,0.0038237284285767004
2024-08-15,0.013673576209911035,0.011179067654697634,0.013673576209911035,0.016133247764330783
2024-08-16,0.0025927261498026365,0.0027346332324117923,0.0025927261498026365,0.001989779357261412
2024-08-19,0.007525349963054777,0.006906483153171845,0.007525349963054777,0.009722284736913167
2024-08-20,-0.0038341391671139714,-0.0029953547426767894,-0.0038341391671139714,-0.0019845553982971165
2024-08-21,0.007639090740754303,0.006981469629100792,0.007639090740754303,0.004239676828782013
2024-08-22,-0.003284611522591418,-0.0019153685430042212,-0.003284611522591418,-0.008932805548120926
2024-08-23,0.01288477482485154,0.010881948043125955,0.01288477482485154,0.01148337085011919
2024-08-26,-0.00040713072800579336,0.0006989827120773641,-0.00040713072800579336,-0.0031537266931381813
2024-08-27,0.0003570918999835176,0.0004546503431561945,0.0003570918999835176,0.0015951960865450143
2024-08-28,-0.00306904388838023,-0.0018381867530319561,-0.00306904388838023,-0.00597597320797616
2024-08-29,0.003578879456722697,0.0037506084849530928,0.003578879456722697,-3.937906806072977e-05
2024-08-30,0.00854599993505532,0.00833936831752939,0.00854599993505532,0.010093051774424433
2024-09-03,-0.014387329952082124,-0.01104079185978042,-0.014387329952082124,-0.02115107439771169
2024-09-04,-0.0011581543879824454,-0.0006118298420380703,-0.0011581543879824454,-0.0016025435809103872
2024-09-05,-0.005815306751835775,-0.006363217717432481,-0.005815306751835775,-0.003018017615584734
2024-09-06,-0.011759750050420275,-0.010526752103526873,-0.011759750050420275,-0.01726024985928465
2024-09-09,0.010229820746522952,0.01014413807601595,0.010229820746522952,0.0115800702824842
2024-09-10,0.0007035240111206268,0.0005521239800295201,0.0007035240111206268,0.004472672652839682
2024-09-11,0.0022867548617468533,-0.00012046670940353489,0.0022867548617468533,0.010665025888896507
2024-09-12,0.006175475289199016,0.005798016206924932,0.006175475289199016,0.007495302358939249
2024-09-13,0.009588542778073616,0.008511739198396,0.009588542778073616,0.005407711405364557
2024-09-16,0.007181627835947332,0.007208021011221068,0.007181627835947332,0.0012566297656613212
2024-09-17,0.0014199370803567603,0.00046985158509631084,0.0014199370803567603,0.00026455008109871336
2024-09-18,-0.0019162607456869787,-0.0025650235688003584,-0.0019162607456869787,-0.002896455862498093
2024-09-19,0.011635273056785023,0.00966078979946329,0.011635273056785023,0.01697685316676334
2024-09-20,-0.003959776033201095,-0.003313839954628151,-0.003959776033201095,-0.0019410273951238066
2024-09-23,0.005049451708736329,0.005042196571641339,0.005049451708736329,0.0028092730585327352
2024-09-24,0.001159935870841558,0.00038139248672540904,0.001159935870841558,0.0025111788443470395
2024-09-25,-0.006258685271783331,-0.0058155341674545,-0.006258685271783331,-0.0018612489301417234
2024-09-26,0.008570738257457902,0.006674777419510821,0.008570738257457902,0.00403867571712313
2024-09-27,0.0034413449239458606,0.003685853581795796,0.0034413449239458606,-0.0012532169669905446
2024-09-30,0.0011096588053961833,0.002115944407074972,0.0011096588053961833,0.004236552581176722
2024-10-01,-0.004870647808620534,-0.003325864640382797,-0.004870647808620534,-0.009324107094664358
2024-10-02,-0.0009499460048877492,-0.00128279518690204,-0.0009499460048877492,0.00013839090212397487
2024-10-03,-0.004861628304298798,-0.004974613880234256,-0.004861628304298798,-0.001681413492255035
2024-10-04,0.007302482526598822,0.006151308323350752,0.007302482526598822,0.008970249395274354
2024-10-07,-0.007839881426800465,-0.00886452562468196,-0.007839881426800465,-0.009586022165882668
2024-10-08,0.0032484473911715034,0.0034708180492770318,0.0032484473911715034,0.009689347495581924
2024-10-09,0.00762795097298164,0.007247516051309548,0.00762795097298164,0.007113411987488272
2024-10-10,-0.0038770296093566738,-0.003947413530064029,-0.0038770296093566738,-0.002070122839989974
2024-10-11,0.01002156367226998,0.010008841297505237,0.01002156367226998,0.006051847587953629
2024-10-14,0.006610780179655039,0.006792315742580493,0.006610780179655039,0.0077076668832223305
2024-10-15,-0.0037754278960760207,-0.0023162576004928863,-0.0037754278960760207,-0.007609466332438197
2024-10-16,0.006382982916296651,0.006205510326668654,0.006382982916296651,0.004679145956573816
2024-10-17,-0.0012821156174176065,-0.0009605777391729024,-0.0012821156174176065,-0.00017116047891174713
2024-10-18,0.0027757166824009974,0.0027239749148569178,0.0027757166824009974,0.00397155273894878
2024-10-21,-0.008249520436788754,-0.008180483992298615,-0.008249520436788754,-0.0018227694906369774
2024-10-22,-0.003644916679155555,-0.0036296657533746476,-0.003644916679155555,-0.0004748538883844189
2024-10-23,-0.002968625746968919,-0.0019888979224687436,-0.002968625746968919,-0.009191323428069387
2024-10-24,-0.00023885742553186997,-0.001121180005610772,-0.00023885742553186997,0.002145772011323821
2024-10-25,-0.004957975729644931,-0.006028897508285784,-0.004957975729644931,-0.00029944716993013376
2024-10-28,0.0053483449578629935,0.005032219962529677,0.0053483449578629935,0.0026514435020339455
2024-10-29,-0.002941357158734901,-0.00365895305070006,-0.002941357158734901,0.001614127248163344
2024-10-30,-0.001424017883200863,-0.0002433411323500391,-0.001424017883200863,-0.003300233889343751
2024-10-31,-0.010834280650278728,-0.009411954323955632,-0.010834280650278728,-0.018614700871699585
2024-11-01,0.0006872294868274281,-0.00018581897701611322,0.0006872294868274281,0.004092509543626166
2024-11-04,0.0014633421012990428,0.0013991434567749254,0.0014633421012990428,-0.002812083478299976
2024-11-05,0.012180799486199167,0.011591117560848832,0.012180799486199167,0.012265644545291332
2024-11-06,0.02289915760238502,0.021526731886113492,0.02289915760238502,0.025295927786425976
2024-11-07,0.0017512370863635098,0.0004108725991136822,0.0017512370863635098,0.007431229727488331
2024-11-08,0.006269786075084967,0.007214941553659003,0.006269786075084967,0.0037568333092317108
2024-11-11,0.0047639657070869725,0.004738651362269433,0.0047639657070869725,0.0009690634297987444
2024-11-12,-0.007105237000346383,-0.005913348154656054,-0.007105237000346383,-0.00289265965137242
2024-11-13,0.000191879460580897,0.0007687425821027214,0.000191879460580897,0.00023222772482434095
2024-11-14,-0.0075779912068438815,-0.00798842970348601,-0.0075779912068438815,-0.006049734794859041
2024-11-15,-0.007558042955786088,-0.006114808471328271,-0.007558042955786088,-0.013203489851361216
2024-11-18,0.004907732556278858,0.004455544608729269,0.004907732556278858,0.003917814394541086
2024-11-19,-0.0019933655083861582,-0.0028721863338967615,-0.0019933655083861582,0.003963584828470035
2024-11-20,0.0032017997036644045,0.0031369259652160504,0.0032017997036644045,2.195086225209586e-05
2024-11-21,0.012870797735745584,0.01239568427622316,0.012870797735745584,0.0053404615405816536
2024-11-22,0.007740993689745351,0.007208563988098247,0.007740993689745351,0.003467959094991535
2024-11-25,0.0091063968992553,0.0076732739107844335,0.0091063968992553,0.003020480305938378
2024-11-26,5.286861725229086e-05,0.0014425500647644606,5.286861725229086e-05,0.005722005647630368
2024-11-27,-0.0005787710203038423,0.0001616788348566022,-0.0005787710203038423,-0.003801238017440034
2024-11-29,0.002958861324671421,0.002357590264331849,0.002958861324671421,0.005607785488815242
2024-12-02,-0.0021276345858464046,-0.004254779651283299,-0.0021276345858464046,0.0024484564662998753
2024-12-03,-0.003983739214350936,-0.004144773325144668,-0.003983739214350936,0.0004514491145146682
2024-12-04,0.0006333573356138356,-0.00037117750142054147,0.0006333573356138356,0.006051417924264779
2024-12-05,-0.0049447737802311015,-0.0037567244455860077,-0.0049447737802311015,-0.0018697756269248078
2024-12-06,-0.0008331780017787124,-0.0020562938808907573,-0.0008331780017787124,0.0024954538421815275
2024-12-09,-0.0042916105496059315,-0.004720137253329164,-0.0042916105496059315,-0.006144213927296471
2024-12-10,-0.00625291617546272,-0.0051949698746222,-0.00625291617546272,-0.002963883313944371
2024-12-11,0.0007583685985757742,-0.0007376337377037825,0.0007583685985757742,0.008165786048233592
2024-12-12,-0.003161521182452536,-0.002730856820891273,-0.003161521182452536,-0.005414022527810203
2024-12-13,-0.0031031722157342785,-0.0032068848445522494,-0.0031031722157342785,-2.6466639124200775e-05
2024-12-16,-0.003493787293203002,-0.00410429957597383,-0.003493787293203002,0.0037993543260221863
2024-12-17,-0.00740046280768148,-0.006644826836102934,-0.00740046280768148,-0.003863994965801476
2024-12-18,-0.029153242913645256,-0.02746297200229627,-0.029153242913645256,-0.02949284635160343
2024-12-19,-0.0036359830133246202,-0.003078109034095211,-0.0036359830133246202,-0.0008651123249070469
2024-12-20,0.013145442227709754,0.012390599781119378,0.013145442227709754,0.010869123768910471
2024-12-23,0.002007561093294089,0.0013958423926530425,0.002007561093294089,0.007287273468533639
2024-12-24,0.008145556564781171,0.007778045750229902,0.008145556564781171,0.01104275925539211
2024-12-26,0.0009815272648025799,0.0009375093675891465,0.0009815272648025799,-0.00040565878647391695
2024-12-27,-0.007305368841808671,-0.0066294183633712825,-0.007305368841808671,-0.011055736101235558
2024-12-30,-0.009748713272792756,-0.009314908824049473,-0.009748713272792756,-0.010701995701766776
2024-12-31,0.0011267019232468994,0.0015726882526129608,0.0011267019232468994,-0.004284800394927402
2025-01-02,-0.0029261932657437665,-0.0035454342437953187,-0.0029261932657437665,-0.0022238866412221947
2025-01-03,0.00935373863937282,0.007980741502734501,0.00935373863937282,0.01259602672149196
2025-01-06,-0.0006046546592152831,-0.0033169444891886983,-0.0006046546592152831,0.005538045085450305
2025-01-07,-0.003420034166569481,-0.002467615706421569,-0.003420034166569481,-0.01110391288210788
2025-01-08,0.0025429057267635255,0.003644268654600298,0.0025429057267635255,0.001560360190925314
2025-01-10,-0.01647623213799006,-0.016880056256879335,-0.01647623213799006,-0.01541164380306681
2025-01-13,0.008704761619212523,0.009036279418312778,0.008704761619212523,0.0015754440882007614
2025-01-14,0.007545314539238556,0.007645031615879961,0.007545314539238556,0.0011462798112440442
2025-01-15,0.010387565881585549,0.009420997974480405,0.010387565881585549,0.018312792279639112
2025-01-16,0.00791869976425124,0.00886109325463932,0.00791869976425124,-0.0021126894641922966
2025-01-17,0.005578424439541256,0.004512449298273064,0.005578424439541256,0.009991058969353706
2025-01-21,0.012446813244515041,0.01171535809255429,0.012446813244515041,0.008768227105582893
2025-01-22,-0.0034337931687901885,-0.0049041065004664895,-0.0034337931687901885,0.006137941522227575
2025-01-23,0.004564283293664673,0.004405641330236257,0.004564283293664673,0.00531348622041139
2025-01-24,-0.0009428797150006539,-3.622711195696226e-05,-0.0009428797150006539,-0.002855132319398823
2025-01-27,-0.0009566247895874259,0.004174340191697991,-0.0009566247895874259,-0.014580715690809543
2025-01-28,-0.004512973926405043,-0.006148993582369365,-0.004512973926405043,0.009217869449967608
2025-01-29,-0.0028894727225194884,-0.0032454350899568905,-0.0028894727225194884,-0.004678895760321544
2025-01-30,0.0103808668737948,0.01016039903915669,0.0103808668737948,0.005275414405311762
2025-01-31,-0.007234842421914219,-0.006735280147285265,-0.007234842421914219,-0.005046825754019935
2025-02-03,-0.006085253222571858,-0.0042248277816777586,-0.006085253222571858,-0.007608597684666707
2025-02-04,0.0004943306252940952,-0.0003774390972967228,0.0004943306252940952,0.007224881828679752
2025-02-05,0.006818689120727984,0.006440953953137639,0.006818689120727984,0.003908672930614365
2025-02-06,-0.0006648714434842049,-0.0006133887132021777,-0.0006648714434842049,0.003644298722618622
2025-02-07,-0.005311758274990916,-0.004688268004092718,-0.005311758274990916,-0.009464770111542897
2025-02-10,0.0030864062862055093,0.0026260763477519984,0.0030864062862055093,0.006712541085862833
2025-02-11,-0.0005024538065031675,0.0011108293695284363,-0.0005024538065031675,0.00033958278885926063
2025-02-12,-0.005861788197729286,-0.005835620145784301,-0.005861788197729286,-0.0027238667143857365
2025-02-13,0.008008984347572063,0.008191982109888687,0.008008984347572063,0.010426292122230674
2025-02-14,-0.0015960963167739473,-0.003207196966446814,-0.0015960963167739473,-7.194380749464546e-05
2025-02-18,0.007389566960673767,0.00587698558600305,0.007389566960673767,0.0024449877750611915
2025-02-19,0.0027029326470813086,0.003036474975778008,0.0027029326470813086,0.0023769693899173827
2025-02-20,-0.0027136153242052555,-0.0018107979471460797,-0.0027136153242052555,-0.0043341850761716705
2025-02-21,-0.013903752049529854,-0.010373703638481915,-0.013903752049529854,-0.01706412670256352
2025-02-24,0.0008401228296786331,0.002279640789535863,0.0008401228296786331,-0.00496910650440241
2025-02-25,0.0007504490832607315,0.0028925043366945834,0.0007504490832607315,-0.004679730915472358
2025-02-26,-0.0016291478003576687,-0.0037024265340226455,-0.0016291478003576687,0.00013602428004699796
2025-02-27,-0.008534477164998507,-0.005380946113238673,-0.008534477164998507,-0.015864553655509872
2025-02-28,0.012477406270812053,0.012682001360237852,0.012477406270812053,0.01585414463498891
2025-03-03,-0.011086171864075914,-0.007300918515586513,-0.011086171864075914,-0.0175967394669998
2025-03-04,-0.01689911058501673,-0.0174370526244527,-0.01689911058501673,-0.012234826602200433
2025-03-05,0.00995008863534906,0.00839960836487778,0.00995008863534906,0.011159277893187936
2025-03-06,-0.011769644770985011,-0.00962561558638033,-0.011769644770985011,-0.017819007085749905
2025-03-07,0.009196712655277934,0.008798965190130723,0.009196712655277934,0.00552061780274804
2025-03-10,-0.015538784355726837,-0.01219170023171285,-0.015538784355726837,-0.0269730913054258
2025-03-11,-0.013182936000461012,-0.014333889280395102,-0.013182936000461012,-0.007567865323653167
2025-03-12,-0.0035710724695471544,-0.005358848777677184,-0.0035710724695471544,0.004886869929446425
2025-03-13,-0.01038282895085468,-0.008704204994702843,-0.01038282895085468,-0.013890984206835322
2025-03-14,0.019395345631520074,0.01775916713107731,0.019395345631520074,0.021265869083087807
2025-03-17,0.013395172624652507,0.012699552096874029,0.013395172624652507,0.006416130719105961
2025-03-18,-0.0058147827656161895,-0.004897532362500567,-0.0058147827656161895,-0.010653512117636543
2025-03-19,0.007695752013898766,0.006399365699443636,0.007695752013898766,0.010798495567894584
2025-03-20,-0.003781878737943463,-0.0034471707212039484,-0.003781878737943463,-0.0021848931523151816
2025-03-21,-0.004908054076853689,-0.005272169190013019,-0.004908054076853689,0.0008246534476661349
2025-03-24,0.015877896288359956,0.013999760037580165,0.015877896288359956,0.017646000146633645
2025-03-25,-0.002698213418812559,-0.0026374469344546533,-0.002698213418812559,0.0015743334544251475
2025-03-26,-0.0020408877572284526,0.0007603495992224087,-0.0020408877572284526,-0.011156934922627149
2025-03-27,-0.002933463281503671,-0.0013372359222417203,-0.002933463281503671,-0.003306980860763864
2025-03-28,-0.014952948050364782,-0.012655414956831345,-0.014952948050364782,-0.01973722070834405
2025-03-31,0.008015039773375485,0.009159646418151698,0.008015039773375485,0.005538521570653376
2025-04-01,0.0011377699535550468,0.0007840661716197068,0.0011377699535550468,0.0037812354559083605
2025-04-02,0.00918132832644573,0.007489941409471172,0.00918132832644573,0.006728194715792668
2025-04-03,-0.04953127798777038,-0.04137786523232198,-0.04953127798777038,-0.04839563335990149
2025-04-04,-0.056342728412687865,-0.05584615801620084,-0.056342728412687865,-0.05974960534553109
2025-04-07,-0.007369974181626842,-0.01032134873486732,-0.007369974181626842,-0.0023314724921273955
2025-04-08,-0.01889254039559526,-0.016976313641323817,-0.01889254039559526,-0.015700524562941354
2025-04-09,0.08107765848167021,0.07235008089793632,0.08107765848167021,0.09515387644904849
2025-04-10,-0.03334820890053675,-0.028142539963337456,-0.03334820890053675,-0.03460757958472693
2025-04-11,0.015298011051621615,0.015258001151768437,0.015298011051621615,0.018092095201708958
2025-04-14,0.012246248445726325,0.012805979248305763,0.012246248445726325,0.007944712390868913
2025-04-15,-0.0029678602645425546,-0.003404733329841293,-0.0029678602645425546,-0.0017277808903947145
2025-04-16,-0.013787770209785909,-0.012711925759702876,-0.013787770209785909,-0.0224083715440897
2025-04-17,0.007229522753175626,0.007510817848030232,0.007229522753175626,0.0013268380955802073
2025-04-21,-0.0205331969396074,-0.019865520352322495,-0.0205331969396074,-0.023567493023827546
2025-04-22,0.025080333331514916,0.024337092087705736,0.025080333331514916,0.025117204723895226
2025-04-23,0.010504951457078807,0.007901725563526817,0.010504951457078807,0.01666113847096007
2025-04-24,0.01841508731868888,0.014652358666249822,0.01841508731868888,0.020259113708281262
2025-04-25,-0.0012951922004174232,-0.00256675127994408,-0.0012951922004174232,0.007373133469998461
2025-04-28,0.0030753599035433575,0.003182708861984774,0.0030753599035433575,0.0006407067039131409
2025-04-29,0.005482166042108843,0.0060593612198774965,0.005482166042108843,0.005802410694099036
2025-04-30,0.001666828830206541,0.0028649200706803452,0.001666828830206541,0.00147999135976562
2025-05-01,-0.001320677596783395,-0.0027674884187222234,-0.001320677596783395,0.006299102138585644
2025-05-02,0.01804458338658904,0.016047936422374683,0.01804458338658904,0.01472657412963474
2025-05-05,-0.003927401443864321,-0.003566539410179307,-0.003927401443864321,-0.006381597588933863
2025-05-06,-0.006916036281161914,-0.006347327733902354,-0.006916036281161914,-0.007693239651855532
2025-05-07,0.006827906524504107,0.00628013552423957,0.006827906524504107,0.00434635623313584
2025-05-08,0.008145620537584244,0.005511518710044369,0.008145620537584244,0.005799775094835535
2025-05-09,-6.811062199142551e-05,-0.0005593029686118804,-6.811062199142551e-05,-0.0007114809122162891
2025-05-12,0.028866389179742633,0.022894973049706564,0.028866389179742633,0.032558782749008364
2025-05-13,0.00221713162932883,-0.001029793648452084,0.00221713162932883,0.0072482009835321826
2025-05-14,-0.0054806538106066645,-0.0063284742339658785,-0.0054806538106066645,0.001024415597859818
2025-05-15,0.00929848259758555,0.012174275877205461,0.00929848259758555,0.004132332074135769
2025-05-16,0.009398488959301492,0.009786245701482569,0.009398488959301492,0.007005272294898557
2025-05-19,-0.0005612021111017891,0.000543406079021397,-0.0005612021111017891,0.0008761131291423752
2025-05-20,-0.00338800542689598,-0.0030763854661642245,-0.00338800542689598,-0.0038802294486252054
2025-05-21,-0.021751826954673217,-0.020225533697464382,-0.021751826954673217,-0.01613513066101424
2025-05-22,-0.0029245984291119635,-0.003325907581417659,-0.0029245984291119635,-0.00044487103794299543
2025-05-23,-0.004297580215270283,-0.0031035911094250144,-0.004297580215270283,-0.006708297825321674
2025-05-27,0.018744439237285783,0.016813906747158616,0.018744439237285783,0.0204590558452733
2025-05-28,-0.009138965477017869,-0.009054436710324937,-0.009138965477017869,-0.005571225417268844
2025-05-29,0.004261265107953235,0.004851487883038351,0.004261265107953235,0.004011194261904327
2025-05-30,-0.0012629196703096658,0.00037042067448185507,-0.0012629196703096658,-8.118516130162234e-05
2025-06-02,9.879049966651387e-05,-0.0004954186670990596,9.879049966651387e-05,0.0041020419271569075
2025-06-03,0.008281661809969205,0.0059240166668536485,0.008281661809969205,0.005800290454605506
2025-06-04,-0.0018101683698384585,-0.0026959126992918024,-0.0018101683698384585,7.36874595066439e-05
2025-06-05,-0.001992463962186766,-0.0020101876308828634,-0.001992463962186766,-0.005277383403094138
2025-06-06,0.008470213998515051,0.0077263292003182625,0.008470213998515051,0.010280683010067904
2025-06-09,0.00014010415845889114,-0.0010165047414387608,0.00014010415845889114,0.0009199480792858594
2025-06-10,0.006315021083471281,0.00526416219431162,0.006315021083471281,0.00548298940767844
2025-06-11,-0.0033882165135641234,-0.0034198458282073156,-0.0033882165135641234,-0.002743888954607865
2025-06-12,0.002932155345934843,0.003728289423961125,0.002932155345934843,0.0038224199557175265
2025-06-13,-0.012514758591164708,-0.011601537218913445,-0.012514758591164708,-0.011296379879250695
2025-06-16,0.010322617354558644,0.0072343696473745256,0.010322617354558644,0.009392659896159117
2025-06-17,-0.009818277295725694,-0.008909731110930429,-0.009818277295725694,-0.008352184790166306
2025-06-18,0.0005016733919057906,-7.979821098134737e-05,0.0005016733919057906,-0.0003092402101070313
2025-06-20,0.0013868771467286589,0.001678689700327523,0.0013868771467286589,-0.002178658486505891
2025-06-23,0.008068517739849335,0.008957492791084359,0.008068517739849335,0.009606504133156335
2025-06-24,0.009345232837325223,0.007284990876918915,0.009345232837325223,0.01112172017970181
2025-06-25,-0.006676110781897688,-0.008077941229220715,-0.006676110781897688,-3.2861029504172024e-06
2025-06-26,0.007887115908253623,0.006530532851237656,0.007887115908253623,0.008020121275230219
2025-06-27,0.004912324076830932,0.0046019334192399265,0.004912324076830932,0.005218970885222163
2025-06-30,0.004874716044859186,0.005498763608148254,0.004874716044859186,0.005164427424532603
2025-07-01,0.011649729248928948,0.011431413953568757,0.011649729248928948,-0.001118531087121899
2025-07-02,0.002805089866418587,0.0005146652859707007,0.002805089866418587,0.004745096791088033
2025-07-03,0.005164190132794832,0.0048379174924164155,0.005164190132794832,0.008338955206607324
2025-07-07,-0.008813165657605657,-0.007711764579207399,-0.008813165657605657,-0.007862297279128794
2025-07-08,0.0025512221539739904,0.0011710128461864752,0.0025512221539739904,-0.0007158868810946961
2025-07-09,0.003065991437955597,0.0026240523247882505,0.003065991437955597,0.0060621034026635545
2025-07-10,0.006130711849260291,0.00523830194086942,0.006130711849260291,0.0027462050044453346
2025-07-11,-0.007134888608185272,-0.006845619581647137,-0.007134888608185272,-0.0032975229626984737
2025-07-14,0.0007678578647084144,0.0014490048977745156,0.0007678578647084144,0.001407413809457303
2025-07-15,-0.013526468659337914,-0.013710070735364354,-0.013526468659337914,-0.003956298214731202
2025-07-16,0.004292165663314018,0.004824187933435289,0.004292165663314018,0.003193657417327689
2025-07-17,0.00759902965255148,0.006856203969568587,0.00759902965255148,0.00537376740890938
2025-07-18,0.00031321030537103756,0.0003558565697935232,0.00031321030537103756,-9.048620868445933e-05
2025-07-21,-0.0027767233657070875,-0.0024865309039524253,-0.0027767233657070875,0.001399134882868358
2025-07-22,0.012570842279079154,0.013151613977591979,0.012570842279079154,0.0006375316336257875
2025-07-23,0.007996957726387359,0.006560902700430003,0.007996957726387359,0.007811886951519131
2025-07-24,-0.002180507021234863,-0.0017589002581039253,-0.002180507021234863,0.0006982236416543941
2025-07-25,0.005276061323888109,0.00443975145676824,0.005276061323888109,0.00397432777929585
2025-07-28,-0.005274220048893265,-0.00710083119480316,-0.005274220048893265,0.00017685810881817865
2025-07-29,-5.005602601308029e-05,0.0012351221943367986,-5.005602601308029e-05,-0.002959442388724254
2025-07-30,-0.00602987760936418,-0.006743130847995049,-0.00602987760936418,-0.0012494327466496813
2025-07-31,-0.009049710151486721,-0.007699387688940121,-0.009049710151486721,-0.0036948193411530106
2025-08-01,-0.009747950866929273,-0.007846649320822744,-0.009747950866929273,-0.015992133140148468
2025-08-04,0.012169016221531557,0.011908287367764635,0.012169016221531557,0.01473710033091602
2025-08-05,-0.002944068385594982,-0.003181099355110664,-0.002944068385594982,-0.004857865996303334
2025-08-06,-0.002077623642183269,-0.0010117783664142176,-0.002077623642183269,0.007281907295092482
2025-08-07,-0.0005258607365906099,-0.00016368139013302782,-0.0005258607365906099,-0.0007974800154801898
2025-08-08,0.0032772965279891757,0.002974186829377453,0.0032772965279891757,0.007799715348974834
2025-08-11,-0.0031056298092543237,-0.0028594907189049227,-0.0031056298092543237,-0.0025041278217863283
2025-08-12,0.013501868844818405,0.010626280946102955,0.013501868844818405,0.01134543584661274
2025-08-13,0.013361229326838517,0.012890974394969768,0.013361229326838517,0.0032300788824048965
2025-08-14,-0.006318310255338466,-0.0060549057353755835,-0.006318310255338466,0.00030309080129242716
2025-08-15,-0.002221262648011787,-0.0021528235367536154,-0.002221262648011787,-0.0028971350972291088
2025-08-18,-0.0007495625458758315,-0.0017816033331778224,-0.0007495625458758315,-0.00010076318078544588
2025-08-19,0.005295626109164054,0.007288717771649467,0.005295626109164054,-0.005858103118756786
2025-08-20,-0.00045682096037821335,0.001103585972742565,-0.00045682096037821335,-0.0024316693228262354
2025-08-21,-0.0031934085972112488,-0.0030533435875765118,-0.0031934085972112488,-0.004004181529308926
2025-08-22,0.018808883097125334,0.01581354932562924,0.018808883097125334,0.015186444876893468
2025-08-25,-0.007639483340715821,-0.008533452734086512,-0.007639483340715821,-0.004266385548063467
2025-08-26,0.0022450567912906546,0.0009188049316057956,0.0022450567912906546,0.004133995191134998
2025-08-27,0.0037540477088282708,0.0030819565607695778,0.0037540477088282708,0.0023909843081744153
2025-08-28,-0.0008638815174496926,-0.0019554783171038858,-0.0008638815174496926,0.0031567194195349924
2025-08-29,-0.0005559600157953125,0.0006669329897260268,-0.0005559600157953125,-0.00639818429357164
2025-09-02,-0.006602021025737029,-0.006510444078484959,-0.006602021025737029,-0.006922279936861564
2025-09-03,-0.0017523101195021107,-0.0014026620103512967,-0.0017523101195021107,0.0051000736279842585
2025-09-04,0.008076955647495086,0.007188109690646814,0.008076955647495086,0.008346486409699372
2025-09-05,0.0005017710272075778,-4.093180190786863e-05,0.0005017710272075778,-0.003165152978388819
2025-09-08,-5.813687580932014e-05,-0.00082040090235002,-5.813687580932014e-05,0.0021059789159529885
2025-09-09,-0.002831693767934693,-0.002772187679339608,-0.002831693767934693,0.0026881536531127015
2025-09-10,-0.0013014362116855523,-0.002487973281390537,-0.0013014362116855523,0.002983469943562689
2025-09-11,0.015344683717143918,0.015033095072901495,0.015344683717143918,0.008485890387959882
2025-09-12,-0.007704797302473233,-0.007534089239720255,-0.007704797302473233,-0.00048276131466740146
2025-09-15,-0.00200104123243338,-0.003353413487059113,-0.00200104123243338,0.004706619226962694
2025-09-16,-0.0024060366205936757,-0.0030898782946688027,-0.0024060366205936757,-0.0012879303382402618
2025-09-17,0.0013718739515894802,0.0017816785326480711,0.0013718739515894802,-0.0009701681605103207
2025-09-18,0.006088264823372843,0.0038745598591872765,0.006088264823372843,0.004789119185128365
2025-09-19,-0.001845861561840655,-0.001617423877926767,-0.001845861561840655,0.004885418870829605
2025-09-22,0.001185124435084284,0.00032611540251319175,0.001185124435084284,0.004410046474333074
2025-09-23,0.001432530841793839,0.0021590843722834986,0.001432530841793839,-0.005502159197012135
2025-09-24,-0.00218333360047335,-0.001563900033849514,-0.00218333360047335,-0.002846617843333288
2025-09-25,-0.007398555991055314,-0.007030697420288241,-0.007398555991055314,-0.0050090613431266195
2025-09-26,0.009941414743748057,0.010021141546550006,0.009941414743748057,0.005901836747171263
2025-09-29,0.0022182047117195545,0.0024771890021133363,0.0022182047117195545,0.00263554421636214
2025-09-30,0.0032435478621754736,0.0036455879203942027,0.0032435478621754736,0.0040908483833717035
2025-10-01,0.001331915803590873,-0.0008881996888996384,0.001331915803590873,0.003399920834961989
2025-10-02,0.0020283025347840457,0.0009529696402997541,0.0020283025347840457,0.0006183547238911569
2025-10-03,0.003879108275487064,0.004230312900418978,0.003879108275487064,6.551280273581206e-05
2025-10-06,-0.0002827523974417224,-0.0011459701491582184,-0.0002827523974417224,0.0036465919796933033
2025-10-07,-0.004706555885813776,-0.0030787268467503993,-0.004706555885813776,-0.0038114057910215715
2025-10-08,0.0030091042076461462,0.0011939687717666759,0.0030091042076461462,0.0058276636405680815
2025-10-09,-0.007843807008036462,-0.007839552153944492,-0.007843807008036462,-0.002755570407195318
2025-10-10,-0.02184590345464186,-0.017188761230656966,-0.02184590345464186,-0.02711167321141361
2025-10-13,0.0101955075804763,0.007253648734444387,0.0101955075804763,0.015598671787557583
2025-10-14,0.009024031055871212,0.009932981099034184,0.009024031055871212,-0.0015643266604626893
2025-10-15,0.001706890680373841,0.0003990554095063212,0.001706890680373841,0.004026001159503689
2025-10-16,-0.008347241917613305,-0.009189558235011991,-0.008347241917613305,-0.006294387099829435
2025-10-17,0.004665976437623373,0.005601440949964719,0.004665976437623373,0.0052707155502571545
2025-10-20,0.010086220891613427,0.00892073201580797,0.010086220891613427,0.010672270853256949
2025-10-21,0.004473509277751305,0.0037788355653216215,0.004473509277751305,3.2696450934288634e-05
2025-10-22,-0.005001436708939299,-0.003410514129680995,-0.005001436708939299,-0.005337539220865439
2025-10-23,0.004541093946356207,0.002275328652295271,0.004541093946356207,0.0058273934429324825
2025-10-24,0.002851248200178853,0.001578543603450928,0.002851248200178853,0.00790242258787388
2025-10-27,0.004352064248661649,0.0037105416720569686,0.004352064248661649,0.012290050865671143
2025-10-28,-0.008872769950156251,-0.009457803530279116,-0.008872769950156251,0.0022879438603986557
2025-10-29,-0.010604781293326497,-0.012637896400913404,-0.010604781293326497,-4.3578255173426506e-05
2025-10-30,-0.004064736424971086,-0.0016482772524248684,-0.004064736424971086,-0.00990481243951924
2025-10-31,0.0020622032513335276,0.0009404681452654824,0.0020622032513335276,0.0026179217059763005
2025-11-03,-0.0030279063255525974,-0.003591151581774047,-0.0030279063255525974,0.0017207127269924793
2025-11-04,-0.004965542778388495,-0.00163438194323869,-0.004965542778388495,-0.011736830084583816
2025-11-05,0.005764461277068468,0.0040806286774440845,0.005764461277068468,0.0036535556982648654
2025-11-06,-0.0061866620977186135,-0.005147806162187465,-0.0061866620977186135,-0.011178189042419073
2025-11-07,0.009269235261436175,0.009960780219070464,0.009269235261436175,0.0012618418007710464
2025-11-10,0.00473625297086892,0.0037495147983759134,0.00473625297086892,0.01540101862170995
2025-11-11,0.0066325800609748145,0.0076890174425770265,0.0066325800609748145,0.002075350517340535
2025-11-12,0.0028774797017254976,0.0023938000960591894,0.0028774797017254976,0.0006295171887717999
2025-11-13,-0.011058073290008665,-0.008768411680300882,-0.011058073290008665,-0.01655685496159698
2025-11-14,-0.003374113778083488,-0.003114862415421912,-0.003374113778083488,-0.0005017255648851471
2025-11-17,-0.012765577519620146,-0.011046874537911758,-0.012765577519620146,-0.00916226617680782
2025-11-18,0.0005122744997591727,0.0007756285179071637,0.0005122744997591727,-0.008256436690967983
2025-11-19,-0.003076877218370978,-0.003799661374027997,-0.003076877218370978,0.0037538357962292324
2025-11-20,-0.010298534612875922,-0.007534720259877466,-0.010298534612875922,-0.015567283563270418
2025-11-21,0.01969612151676983,0.018256296253930243,0.01969612151676983,0.009823035415319481
2025-11-24,0.0033962829322628438,0.0012873993764595654,0.0033962829322628438,0.015467217001293498
2025-11-25,0.014898522238046564,0.013931701518506883,0.014898522238046564,0.009061696817220577
2025-11-26,0.006232619380505422,0.005354464243766038,0.006232619380505422,0.006906711511012631
2025-11-28,0.004810808680317937,0.0041054358059369675,0.004810808680317937,0.005354773163420257
2025-12-01,-0.006319789611962747,-0.007346192846418551,-0.006319789611962747,-0.005323329342915684
2025-12-02,-0.000839669435205047,-0.00225123939877097,-0.000839669435205047,0.002457235261999813
2025-12-03,0.007726297460811508,0.006224385934755213,0.007726297460811508,0.0029797912994984355
2025-12-04,0.0005056875333782308,4.709466486060691e-05,0.0005056875333782308,0.0010803218396737702
2025-12-05,0.002180855142631024,0.0009662495579561845,0.002180855142631024,0.001936641757662061
2025-12-08,-0.005954683039057602,-0.006860426843461394,-0.005954683039057602,-0.003477255626794018
2025-12-09,-0.002142659778601234,-0.0027176777675635908,-0.002142659778601234,-0.0008763589340257116
2025-12-10,0.01382440549592206,0.011601972847429972,0.01382440549592206,0.00674955693920154
2025-12-11,0.00915186807717501,0.00929728848869951,0.00915186807717501,0.002079350841514227
2025-12-12,-0.005688222008946901,-0.002917506329235927,-0.005688222008946901,-0.010663649289958
2025-12-15,0.0013959849253699125,0.002467579551913778,0.0013959849253699125,-0.0015965630269072495
2025-12-16,-0.007301573550503298,-0.0075088650973192065,-0.007301573550503298,-0.0023839179519623555
2025-12-17,-0.0024013568924531334,-0.00019137371336864134,-0.0024013568924531334,-0.011592143912241393
2025-12-18,0.0015098731804490929,0.00021888678431316805,0.0015098731804490929,0.007934262269941872
2025-12-19,0.003518295451546181,0.0015952485676514546,0.003518295451546181,0.008818059450332205
2025-12-22,0.008145032755002283,0.007462839525842533,0.008145032755002283,0.006436496360377575
2025-12-23,-0.0021645399478369427,-0.0016345003731842679,-0.0021645399478369427,0.004550388765703239
2025-12-24,0.0037372131209785914,0.0038904935865020597,0.0037372131209785914,0.0032214822012188726
2025-12-26,0.00022203322832344393,0.00016829199605348263,0.00022203322832344393,-0.00030436354912266594
2025-12-29,-0.001876573949970078,-0.0012791005619932597,-0.001876573949970078,-0.00349205148036813
2025-12-30,-0.0016631730678479434,-0.0014565294030367277,-0.0016631730678479434,-0.0013756671519022934
2025-12-31,-0.0085334564593583,-0.008242796123647011,-0.0085334564593583,-0.007357666300846111
